"ID"	"Sequence"	"signalp_prediction"	"prob_signal"	"prob_nosignal"	"cutsite"	"wolfpsort_prediction"	"pfam.domains"	"toxinDB_sseqid"	"toxinDB_pident"	"toxinDB_evalue"	"uniprot_sseqid"	"uniprot_pident"	"uniprot_evalue"	"RepeatsTypes"	"RepeatsLengths"	"mature_peptide"	"Cys_pattern"	"contig"	"Length"	"TPM"	"Rating"	"qseqid"	"sseqid"	"pident"	"length"	"mismatch"	"gapopen"	"qstart"	"qend"	"sstart"	"send"	"evalue"	"bitscore"	"db_hit_len"	"pct_hit_len_aligned"	"hit_descr"	"toxin_keywords"	"pfam_ToxinKeywords"	"FiltDeTox_Classification"
"TRINITY_DN64150_c0_g1_i1_ORF.3"	"MKTVFVTSIILCSLFAVAHSLSCMSCDKARCGPKPNCKGGGYTKDVCACCDVCAKIEGEQCGGFWFHFGRCDADLTCVLRRNGKLINTGLGQRILPGRCEDDVCAFHECGLHQTCAAVGGIPKCECPRLCKSKEKPVCGLNNGVEYLNECYLRRYECKTGQRIPFVRGPCRYCSNKGQIYKFGERIQKKDKCQVCSCAHGRWNCVADPTCHRPMPIVSGQPMRCVVPGPRGRDVCPRGFMCAYVSTPMGQNGVCVPKPTTKTRLTPSTAETPTTPFECPLRKCVRCKHGYKVDSNGCPTCQCVKLNVCELPRFTGPCKASFRRYYFNKKTGKCSRFVYGGCKGNGNNFKTRKACKRQCPM"	"SP(Sec/SPI)"	0.99966	0.00034	"CS pos: 20-21. AHS-LS. Pr: 0.9077"	"extr"	"Kunitz_BPTI; Antistasin; IGFBP"	"sp|P0DN10|VKT6_ANEVI"	54.9	6.18e-19	"tr|A0A6P8IHV9|A0A6P8IHV9_ACTTE"	47.9	1.75e-111	""	""	"SCMSCDKARCGPKPNCKGGGYTKDVCACCDVCAKIEGEQCGGFWFHFGRCDADLTCVLRRNGKLINTGLGQRILPGRCEDDVCAFHECGLHQTCAAVGGIPKCECPRLCKSKEKPVCGLNNGVEYLNECYLRRYECKTGQRIPFVRGPCRYCSNKGQIYKFGERIQKKDKCQVCSCAHGRWNCVADPTCHRPMPIVSGQPMRCVVPGPRGRDVCPRGFMCAYVSTPMGQNGVCVPKPTTKTRLTPSTAETPTTPFECPLRKCVRCKHGYKVDSNGCPTCQCVKLNVCELPRFTGPCKASFRRYYFNKKTGKCSRFVYGGCKGNGNNFKTRKACKRQCPM"	"C-C-C-C-C-CC-C-C-C-C-C-C-C-C-C-C-C-C-C-C-C-C-C-C-C-C-C-C-C-C-C-C-C-C-C-C-C-C-C-C-C-C-C"	"TRINITY_DN64150_c0_g1_i1"	1656	0.265894	"SBCD"	"TRINITY_DN64150_c0_g1_i1.p1"	"UniRef90_A0A6P8IHV9"	48.148	351	164	10	13	358	15	352	2.29e-94	292	338	95.48	"Four-domain proteases inhibitor-like n=1 Tax=Actinia tenebrosa TaxID=6105 RepID=A0A6P8IHV9_ACTTE"	FALSE	TRUE	"Toxins-Candidates"
"TRINITY_DN56839_c0_g1_i1_ORF.11"	"MLLAKLLFFTGVLVISQAKVARWKSDYEDVENLNSMEEARSNIELPLDMDDLREDERVVNTFEVEADRRAENDPQTENDRRTAVRIPDELIHLLKNAKSFSEAKRILNSQLMKRGDMLKKRGYAISVTASIQCPVPRYSTVNTVYVSPNTPATPLYNIALKCEPRLATVKLNPPSNAFYYPAFINLHRCAGSCGYVDPSVRQCEVSAQEEIKYSVYKIGHNNFGYADIKVMNHTGCACDCVIKEHHCPPDKMRYNKDICRCECIYDESSCD"	"SP(Sec/SPI)"	0.812152	0.187848	"CS pos: 18-19. SQA-KV. Pr: 0.6130"	"extr"	"PDGF"	""	NA	NA	"tr|A0A1C9KCV9|A0A1C9KCV9_NEMVE"	40.9	2.74e-18	""	""	"VARWKSDYEDVENLNSMEEARSNIELPLDMDDLREDERVVNTFEVEADRRAENDPQTENDRRTAVRIPDELIHLLKNAKSFSEAKRILNSQLMKRGDMLKKRGYAISVTASIQCPVPRYSTVNTVYVSPNTPATPLYNIALKCEPRLATVKLNPPSNAFYYPAFINLHRCAGSCGYVDPSVRQCEVSAQEEIKYSVYKIGHNNFGYADIKVMNHTGCACDCVIKEHHCPPDKMRYNKDICRCECIYDESSCD"	"C-C-C-C-C-C-C-C-C-C-C-C-C"	"TRINITY_DN56839_c0_g1_i1"	991	6.22237	"SCD!"	"TRINITY_DN56839_c0_g1_i1.p1"	"UniRef90_UPI0009E63C2E"	32.086	187	113	5	93	271	29	209	1.65e-18	90.9	181	66.06	"vascular endothelial growth factor C-like isoform X1 n=2 Tax=Orbicella faveolata TaxID=48498 RepID=UPI0009E63C2E"	TRUE	TRUE	"Toxins-Candidates"
"TRINITY_DN4548_c0_g1_i1_ORF.10"	"MTRLKKSIGWVFLVLSLLSLQCLHCLPVDDFQERETYQGETVAEDGYKYQEEDQADTNAEYEASKETQDEAKQTVGLRRRNDPTKAEEEADLFEGDIEMDEGMKRALIGGKLMSRDAVIAPIYHWPKALMHYTFDKNIPSFTKRRINQAMDTISKKTCIVFKPRQDEDSYVRFFQGKGCYSRIGRDPNNRMQKISIGRGCTRLGTCEHEIMHALGVFHEHTRPDRDDYIKVLFEDIKLKHMSNFKKYPRYIGSAFGKPYDENSVMHYSRYAFSSNGLPTIIPLRDPDAGIGQRINLSSCDIYQLNRVYCDGPGVNKLLEACKKSIRDHIYFKRDYD"	"SP(Sec/SPI)"	0.991811	0.008189	"CS pos: 25-26. LHC-LP. Pr: 0.8425"	"extr"	"Astacin"	"sp|K7Z9Q9|VMP_NEMVE"	34.6	1.71e-36	"tr|A0A6P8HP64|A0A6P8HP64_ACTTE"	54.7	1e-79	""	""	"PVDDFQERETYQGETVAEDGYKYQEEDQADTNAEYEASKETQDEAKQTVGLRRRNDPTKAEEEADLFEGDIEMDEGMKRALIGGKLMSRDAVIAPIYHWPKALMHYTFDKNIPSFTKRRINQAMDTISKKTCIVFKPRQDEDSYVRFFQGKGCYSRIGRDPNNRMQKISIGRGCTRLGTCEHEIMHALGVFHEHTRPDRDDYIKVLFEDIKLKHMSNFKKYPRYIGSAFGKPYDENSVMHYSRYAFSSNGLPTIIPLRDPDAGIGQRINLSSCDIYQLNRVYCDGPGVNKLLEACKKSIRDHIYFKRDYD"	"C-C-C-C-C-C-C"	"TRINITY_DN4548_c0_g1_i1"	1302	6.199191	"SBCD"	"TRINITY_DN4548_c0_g1_i1.p1"	"UniRef90_A0A6P8HP64"	54.237	236	105	2	79	312	36	270	4.01e-82	259	235	73.9	"Metalloendopeptidase n=1 Tax=Actinia tenebrosa TaxID=6105 RepID=A0A6P8HP64_ACTTE"	FALSE	TRUE	"Toxins-Candidates"
"TRINITY_DN12614_c0_g1_i1_ORF.1"	"MGRLQLHHSLPSLLLFFSFSFSEPFCPLFCTVSQIHAPCLSAQWTHPRSADYKTSQRLKNSVVAHTCHRLHSTELHHCQRGQDPFLQSQEILSLLSHFALQMSTYLPRLLCSTQSLLVQSPPC"	"SP(Sec/SPI)"	0.83299	0.16701	"CS pos: 24-25. SEP-FC. Pr: 0.3381"	"extr"	""	""	NA	NA	""	NA	NA	""	""	"CPLFCTVSQIHAPCLSAQWTHPRSADYKTSQRLKNSVVAHTCHRLHSTELHHCQRGQDPFLQSQEILSLLSHFALQMSTYLPRLLCSTQSLLVQSPPC"	"C-C-C-C-C-C-C"	"TRINITY_DN12614_c0_g1_i1"	420	9.040738	"SC"	"TRINITY_DN12614_c0_g1_i1.p2"	"UniRef90_A0A9X0CSN6"	63.248	117	31	2	3	109	171	285	1.23e-38	146	115	11.72	"Lethal(3)malignant brain tumor-like protein n=1 Tax=Desmophyllum pertusum TaxID=174260 RepID=A0A9X0CSN6_9CNID"	TRUE	FALSE	"Toxins-Candidates"
"TRINITY_DN1479_c0_g1_i2_ORF.20"	"MHVLFIPLLFGALISRTSGYGSAKEGRCPPPGQMKNCVKGKTLLPPEGCFMDIECAGTQKCCRNRCKQYVCAPAKLPALPAIGKCPRDAKTWQQIAASPNCTIKETKFCFKNRCKKCCVSPNSCNPNPSLLKTMDECFKVLCSRKKCPTQGEVCRVDRFHRPKCVCPQSCPPATPQEAVCGDDGVSYPTRCEMDLTACVLGSPIAVAYNGTCRKSEIELSIGESHTSSAVLDEGKPGTISCMFDGNPIQITWSKVGMERLPARRMTPSGETLSFINVRKEDAGEYICSAFDGYNAVTASVNVTIDEAELFDKPDVLPRHICLLPKRRGYQTGHRRVKVRFYFDANTKTCETFVFSGRGGNRNKFRSFEECIMACSHAAGDVCSLPKKPGVCMAYMPHFYYNSKSRKCEQFIYGGCNGNANRFPTKSACVKVCSAKSICQQPADPGRCEGYMPHFFFNSTSKQCEKFIYGGCEGNSNRFPTLQTCNDKCGIKPITLTKTIKPLPPQHCPPVPKVATICNRMGDRCAADTDCSGNRKCCHNGCQRVCIVVVRGGTIFKTKLGRCPKPAQAYGLKCNKMGDRCGADGDCPGQYKCCFNGCQKDCIMPKRRPGG"	"SP(Sec/SPI)"	0.997105	0.002895	"CS pos: 19-20. TSG-YG. Pr: 0.7112"	"extr"	"Kazal_2; I-set; Kunitz_BPTI; ig; Ig_3; WAP; Ig_2"	"sp|Q6T269|VKT3_BITGA"	49.5	1.85e-33	"tr|A0A6P8IW87|A0A6P8IW87_ACTTE"	46.3	1.09e-188	""	""	"GSAKEGRCPPPGQMKNCVKGKTLLPPEGCFMDIECAGTQKCCRNRCKQYVCAPAKLPALPAIGKCPRDAKTWQQIAASPNCTIKETKFCFKNRCKKCCVSPNSCNPNPSLLKTMDECFKVLCSRKKCPTQGEVCRVDRFHRPKCVCPQSCPPATPQEAVCGDDGVSYPTRCEMDLTACVLGSPIAVAYNGTCRKSEIELSIGESHTSSAVLDEGKPGTISCMFDGNPIQITWSKVGMERLPARRMTPSGETLSFINVRKEDAGEYICSAFDGYNAVTASVNVTIDEAELFDKPDVLPRHICLLPKRRGYQTGHRRVKVRFYFDANTKTCETFVFSGRGGNRNKFRSFEECIMACSHAAGDVCSLPKKPGVCMAYMPHFYYNSKSRKCEQFIYGGCNGNANRFPTKSACVKVCSAKSICQQPADPGRCEGYMPHFFFNSTSKQCEKFIYGGCEGNSNRFPTLQTCNDKCGIKPITLTKTIKPLPPQHCPPVPKVATICNRMGDRCAADTDCSGNRKCCHNGCQRVCIVVVRGGTIFKTKLGRCPKPAQAYGLKCNKMGDRCGADGDCPGQYKCCFNGCQKDCIMPKRRPGG"	"C-C-C-C-CC-C-C-C-C-C-C-CC-C-C-C-C-C-C-C-C-C-C-C-C-C-C-C-C-C-C-C-C-C-C-C-C-C-C-C-C-C-C-C-C-C-C-CC-C-C-C-C-C-C-CC-C-C"	"TRINITY_DN1479_c0_g1_i2"	1923	5.604457	"SBCD"	"TRINITY_DN1479_c0_g1_i2.p1"	"UniRef90_A0A6P8IW82"	46.016	615	317	6	1	610	1	605	5.67e-167	534	605	25.78	"Neurogenic locus notch homolog protein 1-like isoform X1 n=4 Tax=Actinia tenebrosa TaxID=6105 RepID=A0A6P8IW82_ACTTE"	FALSE	TRUE	"Toxins-Candidates"
"TRINITY_DN69432_c0_g1_i1_ORF.4"	"MRFWVVCLLCLLLLISVTSARKSKKKVKRLRRCMKACNKNLAQVCASDGNTYDNTCLFKIAKCEAKKRKVTLKIIKGGPCSGGVNSHAKTTKKKNKKKQRKLKG"	"SP(Sec/SPI)"	0.998976	0.001024	"CS pos: 20-21. TSA-RK. Pr: 0.6574"	"extr"	"Kazal_2; Kazal_1"	""	NA	NA	""	NA	NA	""	""	"KSKKKVKRLRRCMKACNKNLAQVCASDGNTYDNTCLFKIAKCEAKKRKVTLKIIKGGPCSGGVNSHAKTTKKKNKKKQRKLKG"	"C-C-C-C-C-C"	"TRINITY_DN69432_c0_g1_i1"	395	6.302397	"SCD"	"TRINITY_DN69432_c0_g1_i1.p1"	"UniRef90_UPI00077AA8A0"	46.875	96	46	2	5	98	4	96	1.26e-13	72.8	93	26.27	"serine protease inhibitor dipetalogastin-like n=2 Tax=Acropora TaxID=6127 RepID=UPI00077AA8A0"	TRUE	TRUE	"Toxins-Candidates"
"TRINITY_DN22561_c0_g1_i1_ORF.36"	"MAEKKLRQVVVCIVTLVFMIFRSCNTHDCKDPSEQKERIVASNNIFRVNEKYDKYSKDRDYQLDMKLPRSSSKAGTNDREAAVRDKRKLWPEGIVPYIISYSLRQREKNVKIIKAAMKEWEQQTCIRFTKAGREENYVEFEAGEGCNSDVGMKGGRQTVSLGDGCFNHGTVLHELGHLLGFFHEQNRPDRDDYVEILEDNIRPMFKNAFAKNDWRTVDTRSVPYDYHSVMHYGSKDFTKNNKITIRSLDPKIEKFGNDHLSPLDVKQANMMYKCNAKTPQFPQDFTWSHNGRIGEEECIRIFEPKDYRGGWRDNFLCQHKGKKSIGFRWSASGPLDDMRCVKIDMPSKPAKYSWDDNYLCLPHESVYKLHWSTNGPLPNKSCLKITEPQDWYWRRANAYLCAQVTSIDGGWTEWDPWKKCNRECDRGIQSRRRSCTRPPPSNGGKYCKGKSREIRSCNAHPCSAWPVFPDDFIFGTSFTPPGARCIRIYERFQLFFSGSPHFCTDGSKRDLDMNWSDSGPISGMLCTLIYKPRQYGWNDNYLCTGKEVPYRFKWSHNGAIDGLPCMKWEPKRSTRGWDNNYLCVENPRAESGVAERSRKVDGRWSQWKPWSTCSRSCNSGWQKRTRSCSNPPPSNGGKHCEGNTVDVQFCNKHSCPVVCGGLKTGNNGKIKSPSYPARYPAHSDCTWTISVPRGKVVKLTFSSFKLQKGRRGCDTDKVTVRDGTSVQARILGTFCGAQSVPNTLVSTSNTMKVRFYSDAYGSDTGFDASWKAQTRVGDPVPKPLAVAKCGGQLKGNRGTFKASVPPGKTSCNWFITADKDRLLTVTYEAFDVTKTMIRCRYNYAELREYTTIRGVSLGRQCGNKKDVTTVFKTKTNKVRIRLRGNKGRGVTVRWTTRGRDAFSYRHG"	"SP(Sec/SPI)"	0.773457	0.226543	"CS pos: 26-27. CNT-HD. Pr: 0.6650"	"extr"	"TSP_1; CUB; Astacin"	"sp|K7Z9Q9|VMP_NEMVE"	42	3.7e-41	"tr|A0A6P8J4F0|A0A6P8J4F0_ACTTE"	41.7	1.04e-238	""	""	"DCKDPSEQKERIVASNNIFRVNEKYDKYSKDRDYQLDMKLPRSSSKAGTNDREAAVRDKRKLWPEGIVPYIISYSLRQREKNVKIIKAAMKEWEQQTCIRFTKAGREENYVEFEAGEGCNSDVGMKGGRQTVSLGDGCFNHGTVLHELGHLLGFFHEQNRPDRDDYVEILEDNIRPMFKNAFAKNDWRTVDTRSVPYDYHSVMHYGSKDFTKNNKITIRSLDPKIEKFGNDHLSPLDVKQANMMYKCNAKTPQFPQDFTWSHNGRIGEEECIRIFEPKDYRGGWRDNFLCQHKGKKSIGFRWSASGPLDDMRCVKIDMPSKPAKYSWDDNYLCLPHESVYKLHWSTNGPLPNKSCLKITEPQDWYWRRANAYLCAQVTSIDGGWTEWDPWKKCNRECDRGIQSRRRSCTRPPPSNGGKYCKGKSREIRSCNAHPCSAWPVFPDDFIFGTSFTPPGARCIRIYERFQLFFSGSPHFCTDGSKRDLDMNWSDSGPISGMLCTLIYKPRQYGWNDNYLCTGKEVPYRFKWSHNGAIDGLPCMKWEPKRSTRGWDNNYLCVENPRAESGVAERSRKVDGRWSQWKPWSTCSRSCNSGWQKRTRSCSNPPPSNGGKHCEGNTVDVQFCNKHSCPVVCGGLKTGNNGKIKSPSYPARYPAHSDCTWTISVPRGKVVKLTFSSFKLQKGRRGCDTDKVTVRDGTSVQARILGTFCGAQSVPNTLVSTSNTMKVRFYSDAYGSDTGFDASWKAQTRVGDPVPKPLAVAKCGGQLKGNRGTFKASVPPGKTSCNWFITADKDRLLTVTYEAFDVTKTMIRCRYNYAELREYTTIRGVSLGRQCGNKKDVTTVFKTKTNKVRIRLRGNKGRGVTVRWTTRGRDAFSYRHG"	"C-C-C-C-C-C-C-C-C-C-C-C-C-C-C-C-C-C-C-C-C-C-C-C-C-C-C-C-C-C-C-C-C-C-C-C-C"	"TRINITY_DN22561_c0_g1_i1"	2921	10.746208	"SBCD"	"TRINITY_DN22561_c0_g1_i1.p1"	"UniRef90_UPI0009E1E563"	42.889	907	486	18	13	899	6	900	0	740	895	84.43	"uncharacterized protein LOC110045259 n=1 Tax=Orbicella faveolata TaxID=48498 RepID=UPI0009E1E563"	FALSE	TRUE	"Toxins-Candidates"
"TRINITY_DN57709_c0_g1_i1_ORF.2"	"MKLLLAVAVLFGAVLALTEGCQDNDNRCPQWKDKYCRSHSWVQKNCQKTCGLCPGGGGGGG"	"SP(Sec/SPI)"	0.99972	0.00028	"CS pos: 20-21. TEG-CQ. Pr: 0.6031"	"extr"	"ShK"	""	NA	NA	""	NA	NA	"G"	"7"	"QDNDNRCPQWKDKYCRSHSWVQKNCQKTCGLCPGGGGGGG"	"C-C-C-C-C"	"TRINITY_DN57709_c0_g1_i1"	203	71.828146	"SCD"	""	""	NA	NA	NA	NA	NA	NA	NA	NA	NA	NA	NA	NA	""	TRUE	TRUE	"Toxins-Candidates"
"TRINITY_DN1213_c0_g1_i2_ORF.3"	"MISKALVSVFFFCVVFASAKPSLEEPQLNEKNKLFQDDAELNDILQDGERSNVKRYFGPCGEGIWTFHNGFCYHVSSKSVSWHAAQAACVAKKANLVKITSADENDFVLYLFNKFAPQRRLMWMGLRYWRNDRKFHWTDGSLPEYKNFAPTEPNGRGHEQCSNMWTNLHERRHRLRLAGTWNDLRCGKLTGQYATGYICEKIE"	"SP(Sec/SPI)"	0.986332	0.013668	"CS pos: 19-20. ASA-KP. Pr: 0.8361"	"extr"	"Lectin_C"	""	NA	NA	"tr|A0A3M6TY07|A0A3M6TY07_POCDA"	45.5	7.91e-34	""	""	"PSLEEPQLNEKNKLFQDDAELNDILQDGERSNVKRYFGPCGEGIWTFHNGFCYHVSSKSVSWHAAQAACVAKKANLVKITSADENDFVLYLFNKFAPQRRLMWMGLRYWRNDRKFHWTDGSLPEYKNFAPTEPNGRGHEQCSNMWTNLHERRHRLRLAGTWNDLRCGKLTGQYATGYICEKIE"	"C-C-C-C-C-C"	"TRINITY_DN1213_c0_g1_i2"	1217	0.128868	"SCD!"	"TRINITY_DN1213_c0_g1_i2.p1"	"UniRef90_UPI001CF2EBF1"	46.259	147	76	3	57	202	26	170	8.08e-38	136	145	83.82	"snaclec coagulation factor IX/factor X-binding protein subunit A-like n=1 Tax=Acropora millepora TaxID=45264 RepID=UPI001CF2EBF1"	TRUE	TRUE	"Toxins-Candidates"
"TRINITY_DN12808_c0_g1_i1_ORF.5"	"MKFQLLVLLGAALMYSVLATGTFDEPQGKLNPGKEEKLVEQSDTEEGDSQQYSKGDKLEINLNPRRDELRSKRSFLQFGAMVFCATNLNPIVYNGYGCYCGLGGSGRPVDHVDRCCKTHDDCYGRAVRHGVCTRNIFTYIT"	"SP(Sec/SPI)"	0.991662	0.008338	"CS pos: 19-20. VLA-TG. Pr: 0.7557"	"extr"	"Phospholip_A2_1"	"sp|Q3C2C2|PA21_ACAPL"	54.2	6.5e-21	"tr|A0A2B4SDY8|A0A2B4SDY8_STYPI"	56.7	1.04e-21	""	""	"GTFDEPQGKLNPGKEEKLVEQSDTEEGDSQQYSKGDKLEINLNPRRDELRSKRSFLQFGAMVFCATNLNPIVYNGYGCYCGLGGSGRPVDHVDRCCKTHDDCYGRAVRHGVCTRNIFTYIT"	"C-C-C-CC-C-C"	"TRINITY_DN12808_c0_g1_i1"	508	6.762086	"SBCD"	"TRINITY_DN12808_c0_g1_i1.p1"	"UniRef90_UPI000F55831B"	50.575	87	41	1	56	140	10	96	1e-21	92	87	60	"basic phospholipase A2 homolog 1-like n=1 Tax=Pocillopora damicornis TaxID=46731 RepID=UPI000F55831B"	TRUE	TRUE	"Toxins-Candidates"
"TRINITY_DN45534_c0_g1_i2_ORF.7"	"MMTTVNHLSLSFGLCLLLVTGLLARHNEPAKNCYEAAKTGPCRAYFVRYFYHTSTRRCKRFIYGGCHSNGNNYETFKDCQARCGRFARSVCVLPVDPGSCFGNFPSYFYNKVTDRCEKFIYGGCQGNQNRFTTKASCNRACKQY"	"SP(Sec/SPI)"	0.932752	0.067248	"CS pos: 24-25. LLA-RH. Pr: 0.7265"	"extr"	"Kunitz_BPTI"	"sp|Q6T269|VKT3_BITGA"	39.8	3.98e-33	"tr|A0A8X6TF44|A0A8X6TF44_NEPPI"	55.7	4.89e-37	""	""	"HNEPAKNCYEAAKTGPCRAYFVRYFYHTSTRRCKRFIYGGCHSNGNNYETFKDCQARCGRFARSVCVLPVDPGSCFGNFPSYFYNKVTDRCEKFIYGGCQGNQNRFTTKASCNRACKQY"	"C-C-C-C-C-C-C-C-C-C-C-C"	"TRINITY_DN45534_c0_g1_i2"	801	8.543694	"SBCD"	"TRINITY_DN45534_c0_g1_i2.p2"	"UniRef90_UPI0011560FD0"	50.459	109	54	0	33	141	30	138	1.22e-32	119	109	77.3	"carboxypeptidase inhibitor SmCI-like n=1 Tax=Terrapene carolina triunguis TaxID=2587831 RepID=UPI0011560FD0"	TRUE	TRUE	"Toxins-Candidates"
"TRINITY_DN14839_c0_g1_i1_ORF.4"	"MRFAFFLLPLVATCWLSARAERTKQSSDSVVEKRFLFYPGTKWCGSGNRARHYHDLGRHQKTDKCCRTHDKCRYSIPAFTRKWGLLNPLPSTMSQCRCDYKFRACLKRVNNAASKGV"	"SP(Sec/SPI)"	0.998556	0.001444	"CS pos: 20-21. ARA-ER. Pr: 0.9249"	"extr"	"Phospholip_A2_2"	"sp|P16354|PA23_HELSU"	46.8	3.15e-23	"tr|A0A1S3IFZ7|A0A1S3IFZ7_LINUN"	52.8	4.46e-27	""	""	"RTKQSSDSVVEKRFLFYPGTKWCGSGNRARHYHDLGRHQKTDKCCRTHDKCRYSIPAFTRKWGLLNPLPSTMSQCRCDYKFRACLKRVNNAASKGV"	"C-CC-C-C-C-C"	"TRINITY_DN14839_c0_g1_i1"	371	2.403054	"SBCD"	"TRINITY_DN14839_c0_g1_i1.p1"	"UniRef90_UPI0009E54251"	45.833	120	57	2	7	123	4	118	5.85e-27	105	115	72.78	"acidic phospholipase A2 PA4-like n=2 Tax=Orbicella faveolata TaxID=48498 RepID=UPI0009E54251"	TRUE	TRUE	"Toxins-Candidates"
"TRINITY_DN32973_c0_g1_i1_ORF.5"	"MLIYKYCAFLVLLVILGIIFNEDHAKAIANNSLGKKNSCVTVQTLNCGSDMSKDILKQLSQISQKLKVLEKKVDSLSSKEPGPCRRVQKNCAEIYNCGLKKNGVYKIDPDGKGVFDVFCDQTTAGGGWTVFQKRLDGSVNFFRAWTEYKNGFGHLKG"	"SP(Sec/SPI)"	0.965541	0.034459	"CS pos: 27-28. AKA-IA. Pr: 0.6388"	"extr"	"Fibrinogen_C"	"sp|D8VNT0|FCNV4_CERRY"	53.8	6.43e-19	"tr|A0A2B4S2X3|A0A2B4S2X3_STYPI"	58.9	5.09e-36	""	""	"ANNSLGKKNSCVTVQTLNCGSDMSKDILKQLSQISQKLKVLEKKVDSLSSKEPGPCRRVQKNCAEIYNCGLKKNGVYKIDPDGKGVFDVFCDQTTAGGGWTVFQKRLDGSVNFFRAWTEYKNGFGHLKG"	"C-C-C-C-C-C"	"TRINITY_DN32973_c0_g1_i1"	485	3.358434	"SBCD"	"TRINITY_DN32973_c0_g1_i1.p1"	"UniRef90_UPI000F54FFAB"	57.944	107	35	2	55	161	40	136	1.43e-35	130	97	45.33	"angiopoietin-related protein 7-like n=1 Tax=Pocillopora damicornis TaxID=46731 RepID=UPI000F54FFAB"	FALSE	TRUE	"Toxins-Candidates"
"TRINITY_DN36932_c0_g1_i1_ORF.2"	"MNFIPNTMLLCLMATLATVASDVDDCSSNPCQNGGTCTDGVNNFTCSCVPGYSGNNCQ"	"SP(Sec/SPI)"	0.999352	0.000648	"CS pos: 21-22. VAS-DV. Pr: 0.5786"	"extr"	"EGF; hEGF"	"sp|Q4QXT9|FA10_TROCA"	56.8	1.28e-13	"tr|C3YM95|C3YM95_BRAFL"	65	5.8e-14	""	""	"VDDCSSNPCQNGGTCTDGVNNFTCSCVPGYSGNNCQ"	"C-C-C-C-C-C"	"TRINITY_DN36932_c0_g1_i1"	316	147.879283	"SBCD"	""	""	NA	NA	NA	NA	NA	NA	NA	NA	NA	NA	NA	NA	""	FALSE	TRUE	"Toxins-Candidates"
"TRINITY_DN749_c0_g1_i1_ORF.20"	"MKSVICGLALIAFLFICVLADEHAQQSDRSERPKVHKDDLSDKEHSPEGEHSSEYDHEAFLGDQKQEFDELAPEEAKKRLKKLVTKVDKDSDGFITVAELHEWVKSVFDKKVYEGLDTDVNEKDLNKDSMVSWDEYFEATFGNAEDRKKEQDESNENEDSEFFKRDKRRFEVADKDKNGKLNQKEYGHFLHPESSPEMSDLHILETMEDIDRDKDGFVNLQEFLGDYKDPEAQDQEDPEWVKDETKRFNEEYDKNKDGKLDKEELKAWILPETDHAMAEEEAKHLVTSADDDSDGKLSAEEVVRNYAVFVGSEATDYGRALPTHEEL"	"SP(Sec/SPI)"	0.99151	0.00849	"CS pos: 20-21. VLA-DE. Pr: 0.8952"	"extr"	"EF-hand_5; EF-hand_7"	"sp|J3S9D9|RCN2V_CROAD"	43.4	4.72e-64	"tr|A0A913Y6S9|A0A913Y6S9_EXADI"	61.1	6.7e-124	""	""	"EHAQQSDRSERPKVHKDDLSDKEHSPEGEHSSEYDHEAFLGDQKQEFDELAPEEAKKRLKKLVTKVDKDSDGFITVAELHEWVKSVFDKKVYEGLDTDVNEKDLNKDSMVSWDEYFEATFGNAEDRKKEQDESNENEDSEFFKRDKRRFEVADKDKNGKLNQKEYGHFLHPESSPEMSDLHILETMEDIDRDKDGFVNLQEFLGDYKDPEAQDQEDPEWVKDETKRFNEEYDKNKDGKLDKEELKAWILPETDHAMAEEEAKHLVTSADDDSDGKLSAEEVVRNYAVFVGSEATDYGRALPTHEEL"	""	"TRINITY_DN749_c0_g1_i1"	1719	4.574957	"SBD"	"TRINITY_DN749_c0_g1_i1.p1"	"UniRef90_A0A913Y6S9"	61.059	321	108	4	9	327	3	308	7.1e-132	385	306	99.35	"EF-hand domain-containing protein n=1 Tax=Exaiptasia diaphana TaxID=2652724 RepID=A0A913Y6S9_EXADI"	FALSE	TRUE	"Toxins-Candidates"
"TRINITY_DN1160_c0_g1_i5_ORF.15"	"MAFRIWQSLLLLCLFLWNINTLTDADEVSIHERTSEEHKFLGDHEYDDEAHELSVEEKRRLLNLRKANFEEEGEFLNDVSEGTEHDSELDRFVRLLEDDEELDSIAEDDEPVKRTHSKEEYSLNPRVKLKQLLEDIKRDKTDEQRLDSETEYGNDGLEEAFTASEENADASSEEASSRKEEIPGVGELFEGDIVMDPRLYSAVTGENEKRDAVTDEEYLWPNARVPYVLSKKLSPLALKRINEAIADYHKYTCVKFVPRLDSDNDYLYFFSNKSMCYSTVGRAGFKQKVSIGKGCERKGTVIHEMLHSIGFIHEQSRPDRDKFAKVFQENIKKRMLHNFKKYPRHIVSALGEKYDFDSVMHYHNKAFSKNGEDTIESLEDPTRRFGQRVGFSKTDIRQVNKLYPCHKDVDQMD"	"SP(Sec/SPI)"	0.988407	0.011593	"CS pos: 25-26. TDA-DE. Pr: 0.8267"	"extr"	"Astacin"	"sp|C9D7R2|VMPA2_LOXIN"	30.7	2.75e-30	"tr|A0A6P8IW81|A0A6P8IW81_ACTTE"	54.4	6.27e-102	""	""	"EVSIHERTSEEHKFLGDHEYDDEAHELSVEEKRRLLNLRKANFEEEGEFLNDVSEGTEHDSELDRFVRLLEDDEELDSIAEDDEPVKRTHSKEEYSLNPRVKLKQLLEDIKRDKTDEQRLDSETEYGNDGLEEAFTASEENADASSEEASSRKEEIPGVGELFEGDIVMDPRLYSAVTGENEKRDAVTDEEYLWPNARVPYVLSKKLSPLALKRINEAIADYHKYTCVKFVPRLDSDNDYLYFFSNKSMCYSTVGRAGFKQKVSIGKGCERKGTVIHEMLHSIGFIHEQSRPDRDKFAKVFQENIKKRMLHNFKKYPRHIVSALGEKYDFDSVMHYHNKAFSKNGEDTIESLEDPTRRFGQRVGFSKTDIRQVNKLYPCHKDVDQMD"	"C-C-C-C"	"TRINITY_DN1160_c0_g1_i5"	1377	5.704514	"SBCD"	"TRINITY_DN1160_c0_g1_i5.p1"	"UniRef90_A0A6P8J1E2"	49.577	355	154	5	73	413	56	399	2.57e-105	324	344	85.15	"Metalloendopeptidase n=2 Tax=Actinia tenebrosa TaxID=6105 RepID=A0A6P8J1E2_ACTTE"	FALSE	TRUE	"Toxins-Candidates"
"TRINITY_DN9615_c0_g1_i1_ORF.7"	"MSRSFTICLVALFIGTLLHQTTKSAASSPQNNKAKNGPSVVQNFYGFSTAQDIVKRLNQITRKLNELDRKLSSCIGTTSNCSADPKNCAEVYNCGHKTSGVYKINPDGKGLFSVYCDQVTDGGGWTVVQKRLDGSTDFFRGWSEYKHGFGNLKKEFWLGLDKIHRLTHQQGYKLRVDLEDWDRKTAYAVYGLFGVADEKNKYKLSLGSYAGTAGDSLAFHRG"	"SP(Sec/SPI)"	0.972974	0.027026	"CS pos: 24-25. TKS-AA. Pr: 0.4560"	"extr"	"Fibrinogen_C"	"sp|E2IYB3|FCNV1_VARKO"	50	7.44e-28	"tr|A0A913Y7B4|A0A913Y7B4_EXADI"	71.4	5.67e-63	""	""	"ASSPQNNKAKNGPSVVQNFYGFSTAQDIVKRLNQITRKLNELDRKLSSCIGTTSNCSADPKNCAEVYNCGHKTSGVYKINPDGKGLFSVYCDQVTDGGGWTVVQKRLDGSTDFFRGWSEYKHGFGNLKKEFWLGLDKIHRLTHQQGYKLRVDLEDWDRKTAYAVYGLFGVADEKNKYKLSLGSYAGTAGDSLAFHRG"	"C-C-C-C-C"	"TRINITY_DN9615_c0_g1_i1"	780	6.148398	"SBCD"	"TRINITY_DN9615_c0_g1_i1.p1"	"UniRef90_A0A6P8J778"	52.466	223	98	4	3	221	2	220	1.02e-65	212	219	74.24	"Fibrinogen C domain-containing protein 1-like n=1 Tax=Actinia tenebrosa TaxID=6105 RepID=A0A6P8J778_ACTTE"	FALSE	TRUE	"Toxins-Candidates"
"TRINITY_DN321_c0_g1_i12_ORF.2"	"MAASKVLLACCMLLVVAFVHGTRFRHIDKREPEFKRMLYRFRQQKRGVCIDVRKSEECLDMTLRHPNYCEEHRGIMEQFCSKTCKLCDSECKDEYDPEFCKVASKCGSFCQINRNKLAEKYCKKTCNLCDGSVKPPSPDKIKECRDLLEPGKCLTEIEIRKNLGINIEKLCDLEYMRNKCRKSCNRCKYSPSVLARCQICRNPINKNLRN"	"SP(Sec/SPI)"	0.932854	0.067146	"CS pos: 21-22. VHG-TR. Pr: 0.8766"	"extr"	"ShK"	""	NA	NA	""	NA	NA	""	""	"RFRHIDKREPEFKRMLYRFRQQKRGVCIDVRKSEECLDMTLRHPNYCEEHRGIMEQFCSKTCKLCDSECKDEYDPEFCKVASKCGSFCQINRNKLAEKYCKKTCNLCDGSVKPPSPDKIKECRDLLEPGKCLTEIEIRKNLGINIEKLCDLEYMRNKCRKSCNRCKYSPSVLARCQICRNPINKNLRN"	"C-C-C-C-C-C-C-C-C-C-C-C-C-C-C-C-C-C-C-C-C"	"TRINITY_DN321_c0_g1_i12"	669	0	"SCD"	"TRINITY_DN321_c0_g1_i12.p1"	"UniRef90_UPI0027975459"	37.179	78	41	4	67	141	3393	3465	6.03e-07	58.2	73	1.94	"uncharacterized protein LOC131781954 isoform X1 n=4 Tax=Pocillopora TaxID=46730 RepID=UPI0027975459"	TRUE	TRUE	"Toxins-Candidates"
"TRINITY_DN321_c0_g1_i4_ORF.3"	"MAASKVLLACCMLLVVAFVHGTRFRHIDKREPEFKRMLYRFRQQKRGVCIDVRKSEECLDMTLRHPNYCEEHRGIMEQFCSKTCKLCDSECKDEYDPEFCKVASKCGSFCQINRNKLAEKYCKKTCNLCDGSVKPPSPDKIKECRDLLEPGKCLTEIEIRKNLGINIEKLCDLEYMRNKCRKSCNRCNKDLNELEVSSDLAEIIHSLDS"	"SP(Sec/SPI)"	0.932854	0.067146	"CS pos: 21-22. VHG-TR. Pr: 0.8766"	"extr"	"ShK"	""	NA	NA	""	NA	NA	""	""	"RFRHIDKREPEFKRMLYRFRQQKRGVCIDVRKSEECLDMTLRHPNYCEEHRGIMEQFCSKTCKLCDSECKDEYDPEFCKVASKCGSFCQINRNKLAEKYCKKTCNLCDGSVKPPSPDKIKECRDLLEPGKCLTEIEIRKNLGINIEKLCDLEYMRNKCRKSCNRCNKDLNELEVSSDLAEIIHSLDS"	"C-C-C-C-C-C-C-C-C-C-C-C-C-C-C-C-C-C-C"	"TRINITY_DN321_c0_g1_i4"	1032	0.067851	"SCD"	"TRINITY_DN321_c0_g1_i4.p1"	"UniRef90_UPI0027975459"	37.179	78	41	4	67	141	3393	3465	6.03e-07	58.2	73	1.94	"uncharacterized protein LOC131781954 isoform X1 n=4 Tax=Pocillopora TaxID=46730 RepID=UPI0027975459"	TRUE	TRUE	"Toxins-Candidates"
"TRINITY_DN321_c0_g1_i7_ORF.2"	"MAASKVLLACCMLLVVAFVHGTRFRHIDKREPEFKRMLYRFRQQKRGVCIDVRKSEECLDMTLSDPNYCKAHKVLMKQFCSKTCKLCDSECKDEYDPEFCKVASKCGSFCQINRNKLAEKYCKKTCNLCDGSVKPPSPDKIKECRDLLEPGKCLTEIEIRKNLGINIEKLCDLEYMRNKCRKSCNRC"	"SP(Sec/SPI)"	0.932854	0.067146	"CS pos: 21-22. VHG-TR. Pr: 0.8766"	"extr"	"ShK"	""	NA	NA	""	NA	NA	""	""	"RFRHIDKREPEFKRMLYRFRQQKRGVCIDVRKSEECLDMTLSDPNYCKAHKVLMKQFCSKTCKLCDSECKDEYDPEFCKVASKCGSFCQINRNKLAEKYCKKTCNLCDGSVKPPSPDKIKECRDLLEPGKCLTEIEIRKNLGINIEKLCDLEYMRNKCRKSCNRC"	"C-C-C-C-C-C-C-C-C-C-C-C-C-C-C-C-C-C-C"	"TRINITY_DN321_c0_g1_i7"	600	0	"SCD"	"TRINITY_DN321_c0_g1_i7.p1"	"UniRef90_A0A6P8HRL9"	31.25	112	55	5	43	138	662	767	1.15e-06	56.6	106	10.91	"Uncharacterized protein LOC116292208 isoform X1 n=2 Tax=Actinia tenebrosa TaxID=6105 RepID=A0A6P8HRL9_ACTTE"	TRUE	TRUE	"Toxins-Candidates"
"TRINITY_DN317_c0_g1_i12_ORF.25"	"MKIVPILLLVGVLTFNSFTSGRRKSQNCRLVVKNIARRAPSNSEIRYCCSYRKVKYVCKQGYGLVGGDEVRICKNGSLSGKEPRCKKKDISCGRPLAIEHGNFTGTNFTVGKRVRYYCNKEYKLNRRRSWIKCKRNGMWNRKPPKCKEIKCKAPRSLFLFNGNVTTSDPRYKYGATLSFRCNLGFVLRGENTITCTGKGWTRRQFPSCRKPRCPDPGYPKNGRRVGAKFWVGQSVKFFCHSGFSLYGSRERKCLPNLRWSGTLTTCDDGHSYCRMLGKPINGRKKGNRYNLGDVVQFNCNSGYILRGSKSRKCMEDHKWNGTEGVCIDEQEAFFKDVNTSARFIRENIIDEWKDFTCSSENGTCNVTDSRARAINLDHAGGLDLVFVFDGSSSVTGRDFRKGLRFATKLVEILGVTWKPGGTRLAAITYGTDATLVFNLGDEEFETAEDAIRKIREIRQPGGGTATRLALDEVRKVVAPMTRDSAQKVLFFITDGNSNIGGSPTKAAERLRNKHQFEIYAIGVGEKPKRRELMNIASKPEDEHVLSVINYNTLEEAIEKAAIINIDYTPCGISKTNFRARIIGGNEVKRGTWPWQVGLYDQDNRYPHCGGSLIDKRWVLTAAHCFVKDGKIIDFPAIRTSVKVGDHHVLKKENQGQERKAAQDIFLHQNYNQKTFFNDIALIKLQKEAELGKYVRTVCLPKDSKEDLATAEKHGFVAGWGVKQKLRLAEQPKKEFAHSEVLRHTALTVQATGVCINSTHNIVNSTMMFCAGHGGGGNDTCQGDSGGPFVRERYNRDLKKHRWTQVGIVSWGEGCGQEGKYGFFIRTAPYVDWIKKTMNDNKNDEEK"	"SP(Sec/SPI)"	0.984495	0.015505	"CS pos: 21-22. TSG-RR. Pr: 0.7860"	"extr"	"VWA; VWA_2; Trypsin; Sushi"	"sp|A6MFK7|FAXD1_DEMVE"	32.8	3.04e-30	"tr|A0A6P8J3W7|A0A6P8J3W7_ACTTE"	50.9	2.11e-300	""	""	"RKSQNCRLVVKNIARRAPSNSEIRYCCSYRKVKYVCKQGYGLVGGDEVRICKNGSLSGKEPRCKKKDISCGRPLAIEHGNFTGTNFTVGKRVRYYCNKEYKLNRRRSWIKCKRNGMWNRKPPKCKEIKCKAPRSLFLFNGNVTTSDPRYKYGATLSFRCNLGFVLRGENTITCTGKGWTRRQFPSCRKPRCPDPGYPKNGRRVGAKFWVGQSVKFFCHSGFSLYGSRERKCLPNLRWSGTLTTCDDGHSYCRMLGKPINGRKKGNRYNLGDVVQFNCNSGYILRGSKSRKCMEDHKWNGTEGVCIDEQEAFFKDVNTSARFIRENIIDEWKDFTCSSENGTCNVTDSRARAINLDHAGGLDLVFVFDGSSSVTGRDFRKGLRFATKLVEILGVTWKPGGTRLAAITYGTDATLVFNLGDEEFETAEDAIRKIREIRQPGGGTATRLALDEVRKVVAPMTRDSAQKVLFFITDGNSNIGGSPTKAAERLRNKHQFEIYAIGVGEKPKRRELMNIASKPEDEHVLSVINYNTLEEAIEKAAIINIDYTPCGISKTNFRARIIGGNEVKRGTWPWQVGLYDQDNRYPHCGGSLIDKRWVLTAAHCFVKDGKIIDFPAIRTSVKVGDHHVLKKENQGQERKAAQDIFLHQNYNQKTFFNDIALIKLQKEAELGKYVRTVCLPKDSKEDLATAEKHGFVAGWGVKQKLRLAEQPKKEFAHSEVLRHTALTVQATGVCINSTHNIVNSTMMFCAGHGGGGNDTCQGDSGGPFVRERYNRDLKKHRWTQVGIVSWGEGCGQEGKYGFFIRTAPYVDWIKKTMNDNKNDEEK"	"C-CC-C-C-C-C-C-C-C-C-C-C-C-C-C-C-C-C-C-C-C-C-C-C-C-C-C-C-C-C-C"	"TRINITY_DN317_c0_g1_i12"	2800	5.117857	"SBCD"	"TRINITY_DN317_c0_g1_i12.p1"	"UniRef90_A0A6P8J3W7"	50.699	858	397	13	1	841	4	852	0	852	849	99.65	"Complement C2-like n=1 Tax=Actinia tenebrosa TaxID=6105 RepID=A0A6P8J3W7_ACTTE"	FALSE	TRUE	"Toxins-Candidates"
"TRINITY_DN53076_c0_g1_i1_ORF.13"	"MKSSVALLLFVGCGLVVSSPASESFAQEALNPAQEEPAIQQDISKDETPQLTEEKRNQKDIDNAPGVEDADEHGDPDDSMKKRSEQQLSSYSCAKLKSRHLCHNPIVARKCTKTCCSNYLSNLSCNRIKANGQCGRLFKHYCRRSCGACWINIHLKSEGCNDPGIKGCGHAYIFVNGHDYSYHRRGHNIVVLDNFGLLIKRGSFDTYADKGAGVKMRNFINAILWGRIVLIATQDSAERFIKPAEGALASLGAKLPFSFGFRGSWAFVGMKNKLNYQFKRQDGKTRHHGPTVINVKIPTPAV"	"SP(Sec/SPI)"	0.984827	0.015173	"CS pos: 18-19. VVS-SP. Pr: 0.3560"	"extr"	"ILEI; ShK"	""	NA	NA	"tr|A0A9W9YWJ2|A0A9W9YWJ2_9CNID"	46.4	1.16e-35	""	""	"PASESFAQEALNPAQEEPAIQQDISKDETPQLTEEKRNQKDIDNAPGVEDADEHGDPDDSMKKRSEQQLSSYSCAKLKSRHLCHNPIVARKCTKTCCSNYLSNLSCNRIKANGQCGRLFKHYCRRSCGACWINIHLKSEGCNDPGIKGCGHAYIFVNGHDYSYHRRGHNIVVLDNFGLLIKRGSFDTYADKGAGVKMRNFINAILWGRIVLIATQDSAERFIKPAEGALASLGAKLPFSFGFRGSWAFVGMKNKLNYQFKRQDGKTRHHGPTVINVKIPTPAV"	"C-C-C-CC-C-C-C-C-C-C-C"	"TRINITY_DN53076_c0_g1_i1"	1474	7.907252	"SCD!"	"TRINITY_DN53076_c0_g1_i1.p1"	"UniRef90_A0A9X0CP15"	45.752	153	81	2	148	298	1	153	8.81e-37	136	153	91.07	"ILEI/PANDER domain-containing protein (Fragment) n=1 Tax=Desmophyllum pertusum TaxID=174260 RepID=A0A9X0CP15_9CNID"	TRUE	TRUE	"Toxins-Candidates"
"TRINITY_DN18370_c0_g1_i1_ORF.5"	"MSDLFLFMAALLSILWSLDSNCSFSSFRRFNSLSLFWICSCCCCISSKCSNNN"	"SP(Sec/SPI)"	0.853415	0.146585	"CS pos: 22-23. SNC-SF. Pr: 0.5676"	"extr"	""	""	NA	NA	""	NA	NA	""	""	"FSSFRRFNSLSLFWICSCCCCISSKCSNNN"	"C-CCCC-C"	"TRINITY_DN18370_c0_g1_i1"	448	4.825182	"SC"	"TRINITY_DN18370_c0_g1_i1.p1"	"UniRef90_UPI00077AFBE9"	65.385	104	28	4	23	123	141	239	3.56e-32	125	99	22.76	"male-specific lethal 1-like 1 n=2 Tax=Acropora TaxID=6127 RepID=UPI00077AFBE9"	TRUE	FALSE	"Toxins-Candidates"
"TRINITY_DN4242_c0_g1_i1_ORF.8"	"MLRSLCVVLIYFALAAPMESVIQRNGIVDKRAVCAAGKKDQSKWCPNWKNYCADPSGRFYRYVRRKCPVTCGVCKAAPTTAPVKQVVPVCAAGKKDQSKWCPNWKNYCADPSGRFYRYVRRKCPVTCGVCKAAPTTAPVKQVVPVCAAGKK"	"SP(Sec/SPI)"	0.986988	0.013012	"CS pos: 20-21. MES-VI. Pr: 0.3403"	"extr"	"ShK"	""	NA	NA	""	NA	NA	""	""	"IQRNGIVDKRAVCAAGKKDQSKWCPNWKNYCADPSGRFYRYVRRKCPVTCGVCKAAPTTAPVKQVVPVCAAGKKDQSKWCPNWKNYCADPSGRFYRYVRRKCPVTCGVCKAAPTTAPVKQVVPVCAAGKK"	"C-C-C-C-C-C-C-C-C-C-C-C-C"	"TRINITY_DN4242_c0_g1_i1"	549	2.222797	"SCD"	"TRINITY_DN4242_c0_g1_i1.p2"	"UniRef90_A0A914CDH9"	39.175	97	48	6	39	130	277	367	7.29e-12	70.1	91	24.8	"ShKT domain-containing protein n=1 Tax=Acrobeloides nanus TaxID=290746 RepID=A0A914CDH9_9BILA"	TRUE	TRUE	"Toxins-Candidates"
"TRINITY_DN37283_c0_g1_i1_ORF.5"	"MAKCLVLLLLLCVTAQLAMSEGMPVDIEEDEWHDTLEDLTLENDGECKDTNADCAGGKKFCNMDPNKDPNVAFMHAECKATCGLC"	"SP(Sec/SPI)"	0.999342	0.000658	"CS pos: 22-23. SEG-MP. Pr: 0.5881"	"extr"	"ShK"	""	NA	NA	""	NA	NA	"L"	"5"	"PVDIEEDEWHDTLEDLTLENDGECKDTNADCAGGKKFCNMDPNKDPNVAFMHAECKATCGLC"	"C-C-C-C-C-C"	"TRINITY_DN37283_c0_g1_i1"	415	4.531476	"SCD"	""	""	NA	NA	NA	NA	NA	NA	NA	NA	NA	NA	NA	NA	""	TRUE	TRUE	"Toxins-Candidates"
"TRINITY_DN2283_c0_g1_i3_ORF.22"	"MVKSLATCVIAIFALSFVNGLPREMSDEQGQKLVSRIKRMDDEDIAPPFGLFPNWKRPSKPTQATWRIFNFPTFPRSTTHSPKTTKPPTPPPPKQPPIPPNPTKLPVPPTPAKLTSPASTTKRSDQVTSTQTGKLPTATTGDEPTGTSTVITTTEPTTTFRPTPRPTTATTVAPTTTPRPTVEDIPGAFWVKERFKRYLYRFGQYVITANITGGPPVLIVRPQPLSRRDVRVKKYFSKCEIRFLSKKDRSQKKFEAEYSTINKRCTFTIKTLSPNTGFSIRARMKSLGVVLNQRMFRWSMRYEGFQTGQYVHQEKTEKKGGDKKKKEKQAELPSECQDLNWRCRSYAKFEHCKTNPRYMEKQCARSCPGLCKRMIKIKAALAGKDVCVDMSHSCQTWKKEKYCSLDRDFMWEKCRQSCGWCNIKKFVRQEPCEDARKGGICETWAKLGICTSNARYMYRFCLKSCNKC"	"SP(Sec/SPI)"	0.972963	0.027037	"CS pos: 20-21. VNG-LP. Pr: 0.8809"	"extr"	"ShK"	""	NA	NA	""	NA	NA	""	""	"PREMSDEQGQKLVSRIKRMDDEDIAPPFGLFPNWKRPSKPTQATWRIFNFPTFPRSTTHSPKTTKPPTPPPPKQPPIPPNPTKLPVPPTPAKLTSPASTTKRSDQVTSTQTGKLPTATTGDEPTGTSTVITTTEPTTTFRPTPRPTTATTVAPTTTPRPTVEDIPGAFWVKERFKRYLYRFGQYVITANITGGPPVLIVRPQPLSRRDVRVKKYFSKCEIRFLSKKDRSQKKFEAEYSTINKRCTFTIKTLSPNTGFSIRARMKSLGVVLNQRMFRWSMRYEGFQTGQYVHQEKTEKKGGDKKKKEKQAELPSECQDLNWRCRSYAKFEHCKTNPRYMEKQCARSCPGLCKRMIKIKAALAGKDVCVDMSHSCQTWKKEKYCSLDRDFMWEKCRQSCGWCNIKKFVRQEPCEDARKGGICETWAKLGICTSNARYMYRFCLKSCNKC"	"C-C-C-C-C-C-C-C-C-C-C-C-C-C-C-C-C-C-C-C"	"TRINITY_DN2283_c0_g1_i3"	1730	9.573168	"SCD"	"TRINITY_DN2283_c0_g1_i3.p1"	"UniRef90_A0A8W8IR81"	34.328	134	83	3	337	468	333	463	1.43e-15	88.6	131	14.13	"Metalloendopeptidase n=3 Tax=Crassostrea gigas TaxID=29159 RepID=A0A8W8IR81_CRAGI"	TRUE	TRUE	"Toxins-Candidates"
"TRINITY_DN17742_c0_g1_i1_ORF.7"	"MMANLGVFLLAIAFFYQVLTTSCHAVVKEDDKDESELERTRRELRSLDILMARSNSRKKRGLRYDEYGFYSYGYPLYDIDQKVCEDKGMAAKYKLCQGWHDSGFCRTDKHVMRVHCSKTCGFCKPPSPPICSRMKQGCCWDNSIAHGPNG"	"SP(Sec/SPI)"	0.804916	0.195084	"CS pos: 25-26. CHA-VV. Pr: 0.4412"	"extr"	"ShK"	""	NA	NA	"tr|A7S336|A7S336_NEMVE"	51.9	3.59e-24	""	""	"VKEDDKDESELERTRRELRSLDILMARSNSRKKRGLRYDEYGFYSYGYPLYDIDQKVCEDKGMAAKYKLCQGWHDSGFCRTDKHVMRVHCSKTCGFCKPPSPPICSRMKQGCCWDNSIAHGPNG"	"C-C-C-C-C-C-C-CC"	"TRINITY_DN17742_c0_g1_i1"	502	2.14286	"SCD!"	"TRINITY_DN17742_c0_g1_i1.p1"	"UniRef90_A7S336"	38.514	148	83	3	25	166	8	153	1.65e-24	101	146	70.19	"ShKT domain-containing protein n=2 Tax=Nematostella vectensis TaxID=45351 RepID=A7S336_NEMVE"	TRUE	TRUE	"Toxins-Candidates"
"TRINITY_DN44501_c0_g1_i1_ORF.11"	"MKYILVVLALLVKQSTYGLEPSCPPCAERSCERPKNCQGGVVKDACGCCPVCAKVEGELCGGKWMIEGQCDGKLRCVPRDRHHRIPWPNIGHCEPTACASRKCGFRQECTLNRRGQPHCVCPRNCRNRPVIPVCGYANGKQYNNDCELYRQECKSLKEIGLMHGPCKKCVHKRRTYRFGDIRPGDKPCEKCACHHGEWICKVKKSCQVDSCSEVRGRDGRLKTSTCLPGYWCKVQIPGIPAQNIPAVAACVPLKSTR"	"SP(Sec/SPI)"	0.999834	0.000166	"CS pos: 18-19. TYG-LE. Pr: 0.9871"	"extr"	"IGFBP"	"sp|P0CJ14|VP302_LYCMC"	47.6	8.33e-20	"tr|A0A6P8HVB2|A0A6P8HVB2_ACTTE"	50.8	3.8e-85	""	""	"EPSCPPCAERSCERPKNCQGGVVKDACGCCPVCAKVEGELCGGKWMIEGQCDGKLRCVPRDRHHRIPWPNIGHCEPTACASRKCGFRQECTLNRRGQPHCVCPRNCRNRPVIPVCGYANGKQYNNDCELYRQECKSLKEIGLMHGPCKKCVHKRRTYRFGDIRPGDKPCEKCACHHGEWICKVKKSCQVDSCSEVRGRDGRLKTSTCLPGYWCKVQIPGIPAQNIPAVAACVPLKSTR"	"C-C-C-C-C-CC-C-C-C-C-C-C-C-C-C-C-C-C-C-C-C-C-C-C-C-C-C-C-C-C-C"	"TRINITY_DN44501_c0_g1_i1"	827	3.671516	"SBCD"	"TRINITY_DN44501_c0_g1_i1.p1"	"UniRef90_UPI0009E52281"	49.609	256	123	2	18	270	5	257	1.25e-74	244	253	47.2	"papilin-like isoform X1 n=3 Tax=Orbicella faveolata TaxID=48498 RepID=UPI0009E52281"	FALSE	TRUE	"Toxins-Candidates"
"TRINITY_DN17813_c0_g1_i1_ORF.7"	"MKKMFEVFLFLVALCSRAGPGVCENADGKKGTDKWLITGTKWCGMGNDALKETDLGTYNYTDSCCREHDHCNATIAPLSWGWGTFNFLLYTLSHCNCE"	"SP(Sec/SPI)"	0.995889	0.004111	"CS pos: 18-19. SRA-GP. Pr: 0.6569"	"extr"	"Phospholip_A2_2"	"sp|P0DKU2|PA2_PANIM"	47.5	4.61e-14	"tr|A0A5N5LN39|A0A5N5LN39_PANHP"	52.9	3.81e-21	""	""	"PGVCENADGKKGTDKWLITGTKWCGMGNDALKETDLGTYNYTDSCCREHDHCNATIAPLSWGWGTFNFLLYTLSHCNCE"	"C-C-CC-C-C-C"	"TRINITY_DN17813_c0_g1_i1"	434	4.063551	"SBCD"	""	""	NA	NA	NA	NA	NA	NA	NA	NA	NA	NA	NA	NA	""	FALSE	TRUE	"Toxins-Candidates"
"TRINITY_DN27169_c0_g1_i1_ORF.7"	"MKVLVPTVLFLLSVVNAQQKVNGECKDVYRRCQTWVAQCKSANYLDYMRLICPQTCGFCSGNQVGEKQLATQPAIQQQWTGTGTTKNNDQETQTFSETEPKTSTKNKKENSNSAPKAESIGDNNKDSAGDTTAAALAVHRFDEKQTTAGEGGSQRDVENKTISTGPASQNDVTADDVTSKGKTAAILAVQHFEETR"	"SP(Sec/SPI)"	0.999216	0.000784	"CS pos: 17-18. VNA-QQ. Pr: 0.9195"	"extr"	"ShK"	""	NA	NA	""	NA	NA	""	""	"QKVNGECKDVYRRCQTWVAQCKSANYLDYMRLICPQTCGFCSGNQVGEKQLATQPAIQQQWTGTGTTKNNDQETQTFSETEPKTSTKNKKENSNSAPKAESIGDNNKDSAGDTTAAALAVHRFDEKQTTAGEGGSQRDVENKTISTGPASQNDVTADDVTSKGKTAAILAVQHFEETR"	"C-C-C-C-C-C"	"TRINITY_DN27169_c0_g1_i1"	608	2.552647	"SCD"	"TRINITY_DN27169_c0_g1_i1.p1"	"UniRef90_A0A7I4YZV7"	40.678	59	31	1	7	65	1	55	5.26e-06	50.4	55	96.49	"ShKT domain-containing protein n=1 Tax=Haemonchus contortus TaxID=6289 RepID=A0A7I4YZV7_HAECO"	TRUE	TRUE	"Toxins-Candidates"
"TRINITY_DN31969_c0_g1_i1_ORF.7"	"MANSALPAFACVIFAAFSLCYCRPDYDGPRKALEQADVHTCTDDLDMCECLAAKPGRCHSDVEVRGACAHSCKACDKKKRNLYLGKLSKLKRRFVRDLLKPTKRGCSDQLEDCDCMVKMCRKDKMHEIYMRKHCPKICGFC"	"SP(Sec/SPI)"	0.97733	0.02267	"CS pos: 22-23. CYC-RP. Pr: 0.8011"	"extr"	"ShK"	""	NA	NA	""	NA	NA	""	""	"PDYDGPRKALEQADVHTCTDDLDMCECLAAKPGRCHSDVEVRGACAHSCKACDKKKRNLYLGKLSKLKRRFVRDLLKPTKRGCSDQLEDCDCMVKMCRKDKMHEIYMRKHCPKICGFC"	"C-C-C-C-C-C-C-C-C-C-C-C-C-C"	"TRINITY_DN31969_c0_g1_i1"	695	4.013835	"SCD"	""	""	NA	NA	NA	NA	NA	NA	NA	NA	NA	NA	NA	NA	""	TRUE	TRUE	"Toxins-Candidates"
"TRINITY_DN52874_c0_g1_i1_ORF.3"	"MKLFVFFIAVLLPTFAEGLIRVPLHKFKPARQVLKEVGITKQQLQEKYKQKYGAHLGDTPEPLTNYLDAQYYGEIEIGTPPQKFQVVFDTGSSNLWVPSQKCPWTDIPCCKCVLEETMI"	"SP(Sec/SPI)"	0.997213	0.002787	"CS pos: 18-19. AEG-LI. Pr: 0.6115"	"extr"	"A1_Propeptide; TAXi_N; Asp"	"sp|Q18DC8|RE123_ECHOC"	44.2	1.31e-19	"tr|A0A3M6TH93|A0A3M6TH93_POCDA"	57.5	7.18e-34	""	""	"IRVPLHKFKPARQVLKEVGITKQQLQEKYKQKYGAHLGDTPEPLTNYLDAQYYGEIEIGTPPQKFQVVFDTGSSNLWVPSQKCPWTDIPCCKCVLEETMI"	"C-CC-C"	"TRINITY_DN52874_c0_g1_i1"	417	12.019664	"SBCD"	"TRINITY_DN52874_c0_g1_i1.p1"	"UniRef90_A0A9W9YV63"	59.292	113	41	2	1	109	1	112	2.2e-38	140	112	26.48	"Peptidase A1 domain-containing protein n=1 Tax=Desmophyllum pertusum TaxID=174260 RepID=A0A9W9YV63_9CNID"	FALSE	TRUE	"Toxins-Candidates"
"TRINITY_DN1302_c0_g1_i1_ORF.16"	"MLIIWRSAVLLFFTCRHLTVRGDDCPSGWDTYGDKCYKFVATSLTVRGQNWENARASCQGYGGDLVSIGNRSEQTFITQKTRQYRNLHFWIGFNDRRNESNFEWSDGSAVTYQSWGWGEPNNFKNEDCAEMYYYSTTWNDNDCSKQYSYICKRNKGPLPVLPTLTPPTTITPLNCDIGWVHYGTSCYKFNKIRTSWPSAKKACRQSGGYLLKIDDAAEQHHMTWTLMSRPERYWIGLNDLAIEGTYAWEDVTPVNYTHWHSGEPNDSHGDEDCIEIYTGVLAGYWNDDYCDSEKYYICEKPNGQNLCPANWDTNGDYCYRFNAHPNQRVSWQNARSACKAFRGAELASILSEDEHTYVLGRLNDITNVGRTWIGFNDIVKEGTFVWSDRSPVQYTNWDRNSPDPIGWYAKFRDCTVIQPSSQGGNWTTGYCSSRRAYVCKRKRGLDQCDSPLGMIDGNIGASQVTASSFKSTFSRPSQARLQLKASNDSVGAWCAQNNRQGEYLQIDLGLKRKITHMALQGRSSSPDFVRTFYLQYGDNGQDFLAYGQNKTQLFKVFRGSSFSSDQVVNIQLMKGGINARFVRIYPLLWNTNICLRTELYGCEFEAADSQNCGADWEKINNTCYQVNIETKIWADARATCNNRGGDLLSITSVAEKQYIANRLKPLASSLYTLWIGLNDRDANRRYYWSDFSPFVFTNWYRGNPTDRKDQKACVAIMADTGAWKDESCGQYKPFICKRKLGNRVKVPITGNWISGTDYYWPLNTLVNGVALGTMPAAVTGSVTVTDILE"	"SP(Sec/SPI)"	0.987768	0.012232	"CS pos: 22-23. VRG-DD. Pr: 0.9493"	"extr"	"Lectin_C; F5_F8_type_C"	"sp|P84987|LECG_CRORU"	29.3	2.21e-15	"tr|A0A6P8HW64|A0A6P8HW64_ACTTE"	52.6	2.76e-292	""	""	"DCPSGWDTYGDKCYKFVATSLTVRGQNWENARASCQGYGGDLVSIGNRSEQTFITQKTRQYRNLHFWIGFNDRRNESNFEWSDGSAVTYQSWGWGEPNNFKNEDCAEMYYYSTTWNDNDCSKQYSYICKRNKGPLPVLPTLTPPTTITPLNCDIGWVHYGTSCYKFNKIRTSWPSAKKACRQSGGYLLKIDDAAEQHHMTWTLMSRPERYWIGLNDLAIEGTYAWEDVTPVNYTHWHSGEPNDSHGDEDCIEIYTGVLAGYWNDDYCDSEKYYICEKPNGQNLCPANWDTNGDYCYRFNAHPNQRVSWQNARSACKAFRGAELASILSEDEHTYVLGRLNDITNVGRTWIGFNDIVKEGTFVWSDRSPVQYTNWDRNSPDPIGWYAKFRDCTVIQPSSQGGNWTTGYCSSRRAYVCKRKRGLDQCDSPLGMIDGNIGASQVTASSFKSTFSRPSQARLQLKASNDSVGAWCAQNNRQGEYLQIDLGLKRKITHMALQGRSSSPDFVRTFYLQYGDNGQDFLAYGQNKTQLFKVFRGSSFSSDQVVNIQLMKGGINARFVRIYPLLWNTNICLRTELYGCEFEAADSQNCGADWEKINNTCYQVNIETKIWADARATCNNRGGDLLSITSVAEKQYIANRLKPLASSLYTLWIGLNDRDANRRYYWSDFSPFVFTNWYRGNPTDRKDQKACVAIMADTGAWKDESCGQYKPFICKRKLGNRVKVPITGNWISGTDYYWPLNTLVNGVALGTMPAAVTGSVTVTDILE"	"C-C-C-C-C-C-C-C-C-C-C-C-C-C-C-C-C-C-C-C-C-C-C-C-C-C-C-C"	"TRINITY_DN1302_c0_g1_i1"	2427	6.411091	"SBCD"	"TRINITY_DN1302_c0_g1_i1.p1"	"UniRef90_A0A6P8HW64"	52.447	797	361	13	6	789	3	794	0	845	792	28.89	"Uncharacterized protein LOC116296723 n=1 Tax=Actinia tenebrosa TaxID=6105 RepID=A0A6P8HW64_ACTTE"	FALSE	TRUE	"Toxins-Candidates"
"TRINITY_DN52969_c0_g1_i1_ORF.13"	"MARNTSLPTLLCSVMVTIILLGDAMARHKSAFDRIAAINRKYGVYSNNKLYQIDMKFSRSKSNAARKEGDAPVRDRSSLWPGGVIPYTVTYNIRKSPKTLKVLQGAMQEWQRQTCIKFVRRTNQEDFVEFYYGDGCNSDVGRVGGKQTTSLGRGCAHHSIIVHELGHIVGFWHEQNRPDREDYVKILWDNIVTKFRFAFTKYSNRKIDSLGIEYDYHSVMHYGAKAFSKNNQVTIKARKPNVRTFGNTHLSPLDIKQANLLYRCMDYPKFPRDFVWKTNGPSNHNQAYCTRIFEPRDRHWYNNYLCYRKDKRQLNIEWS"	"SP(Sec/SPI)"	0.915597	0.084403	"CS pos: 26-27. AMA-RH. Pr: 0.7495"	"extr"	"Astacin"	"sp|C9D7R3|VMPA3_LOXIN"	39.7	2.14e-36	"tr|A0A2B4SN00|A0A2B4SN00_STYPI"	59.2	1.1e-129	""	""	"HKSAFDRIAAINRKYGVYSNNKLYQIDMKFSRSKSNAARKEGDAPVRDRSSLWPGGVIPYTVTYNIRKSPKTLKVLQGAMQEWQRQTCIKFVRRTNQEDFVEFYYGDGCNSDVGRVGGKQTTSLGRGCAHHSIIVHELGHIVGFWHEQNRPDREDYVKILWDNIVTKFRFAFTKYSNRKIDSLGIEYDYHSVMHYGAKAFSKNNQVTIKARKPNVRTFGNTHLSPLDIKQANLLYRCMDYPKFPRDFVWKTNGPSNHNQAYCTRIFEPRDRHWYNNYLCYRKDKRQLNIEWS"	"C-C-C-C-C-C"	"TRINITY_DN52969_c0_g1_i1"	1214	3.662629	"SBCD"	"TRINITY_DN52969_c0_g1_i1.p1"	"UniRef90_UPI001CF37B60"	58.675	317	130	1	3	319	5	320	1.81e-133	412	316	29.67	"uncharacterized protein LOC114955126 isoform X1 n=3 Tax=Acropora TaxID=6127 RepID=UPI001CF37B60"	FALSE	TRUE	"Toxins-Candidates"
"TRINITY_DN52771_c0_g1_i1_ORF.8"	"MGTLKNVFCWFVLLLLASSLAHVQARKKRRNKFPMPSVWMRYAKGVISKEGCSDFRDDCEDYAFPEYCATYWGFMLKYCRASCNFCEIVDVDSTLKPRMNSTTVAPTTVVRSYTNPAECEDVLDDCKRHISNPKYCLSNLAFMNKYCRKTCQLCPTTAPPVCQNQLPDC"	"SP(Sec/SPI)"	0.991195	0.008805	"CS pos: 25-26. VQA-RK. Pr: 0.7354"	"extr"	"ShK"	""	NA	NA	""	NA	NA	""	""	"KKRRNKFPMPSVWMRYAKGVISKEGCSDFRDDCEDYAFPEYCATYWGFMLKYCRASCNFCEIVDVDSTLKPRMNSTTVAPTTVVRSYTNPAECEDVLDDCKRHISNPKYCLSNLAFMNKYCRKTCQLCPTTAPPVCQNQLPDC"	"C-C-C-C-C-C-C-C-C-C-C-C-C-C"	"TRINITY_DN52771_c0_g1_i1"	646	3.251753	"SCD"	"TRINITY_DN52771_c0_g1_i1.p1"	"UniRef90_A0A6P8HRL9"	33.566	143	73	5	32	169	34	159	3.5e-15	80.5	126	12.96	"Uncharacterized protein LOC116292208 isoform X1 n=2 Tax=Actinia tenebrosa TaxID=6105 RepID=A0A6P8HRL9_ACTTE"	TRUE	TRUE	"Toxins-Candidates"
"TRINITY_DN37590_c0_g1_i1_ORF.7"	"MRRYWALVFFALVSWSSALPAPPVETQRTINGIHYRTFEGDMMISEQQIRVAERGGDVDAVGQCRQTRGLSTSKQWPGGVVPYVIHPSAKNKVLNSWGMKGLTERAIHSAIKEWEQKTCVRFVPRTNQEDYIEFFDGSGCWSYVGRVGGKQQISISSSVLGPCYFHGIVLHEIGHALGFWHEQSRPDRDNYVQINWDNIKEDSKHNFRKYGHGNIDSLGVPYDYGSIMHYGKRDFARWPWQITIKAKDSSEIGQRSHLSPLDVKQMRMYYKCT"	"SP(Sec/SPI)"	0.997546	0.002454	"CS pos: 18-19. SSA-LP. Pr: 0.6423"	"extr"	"Astacin"	"sp|K7Z9Q9|VMP_NEMVE"	38.2	1.22e-42	"tr|A0A3M6TT98|A0A3M6TT98_POCDA"	72.1	5.29e-126	""	""	"PAPPVETQRTINGIHYRTFEGDMMISEQQIRVAERGGDVDAVGQCRQTRGLSTSKQWPGGVVPYVIHPSAKNKVLNSWGMKGLTERAIHSAIKEWEQKTCVRFVPRTNQEDYIEFFDGSGCWSYVGRVGGKQQISISSSVLGPCYFHGIVLHEIGHALGFWHEQSRPDRDNYVQINWDNIKEDSKHNFRKYGHGNIDSLGVPYDYGSIMHYGKRDFARWPWQITIKAKDSSEIGQRSHLSPLDVKQMRMYYKCT"	"C-C-C-C-C"	"TRINITY_DN37590_c0_g1_i1"	933	4.86542	"SBCD"	"TRINITY_DN37590_c0_g1_i1.p1"	"UniRef90_UPI001CF5CAEA"	66.914	269	78	5	7	273	4	263	4.29e-124	361	260	97.74	"blastula protease 10-like isoform X1 n=2 Tax=Acropora millepora TaxID=45264 RepID=UPI001CF5CAEA"	FALSE	TRUE	"Toxins-Candidates"
"TRINITY_DN412_c0_g1_i8_ORF.7"	"MICSGLEIAALQIIFVCAAYSHALEKTSTLKDQCSLPPETGPCRAAFPRWFYNTTSHSCEQFIYGGCHGNENNFKKKESCHKKCSHKESKEGQEALLELISESLLKTNRNRAQEGPVQLEQPKIKAEDLMDFRTKRETSDISVMGEPISSVHTNDGALIQLEHQEIKARDLTNFRTRRDAPDTVPELDDDQHAEDIENAKKALKKSLKRRLKKTYNKGQILPQGQVGKPGSKETLKPGPKETLKAEPKETLKPGPKETLKPGPKETLKPGPSPTLKAEPKETLKPGPKETLKPGPKETLKPGPKEALK"	"SP(Sec/SPI)"	0.878421	0.121579	"CS pos: 23-24. SHA-LE. Pr: 0.7059"	"extr"	"Kunitz_BPTI"	"sp|P0DN09|VKT5_ANEVI"	56.4	2.6e-18	"tr|A0A803SQ18|A0A803SQ18_ANOCA"	56.1	1.46e-17	""	""	"EKTSTLKDQCSLPPETGPCRAAFPRWFYNTTSHSCEQFIYGGCHGNENNFKKKESCHKKCSHKESKEGQEALLELISESLLKTNRNRAQEGPVQLEQPKIKAEDLMDFRTKRETSDISVMGEPISSVHTNDGALIQLEHQEIKARDLTNFRTRRDAPDTVPELDDDQHAEDIENAKKALKKSLKRRLKKTYNKGQILPQGQVGKPGSKETLKPGPKETLKAEPKETLKPGPKETLKPGPKETLKPGPSPTLKAEPKETLKPGPKETLKPGPKETLKPGPKEALK"	"C-C-C-C-C-C"	"TRINITY_DN412_c0_g1_i8"	1136	4.196207	"SBCD"	"TRINITY_DN412_c0_g1_i8.p1"	"UniRef90_UPI00207721CE"	32.701	211	130	6	13	218	11	214	1.82e-24	112	204	17.57	"collagen alpha-1(VII) chain isoform X1 n=5 Tax=Nematostella vectensis TaxID=45351 RepID=UPI00207721CE"	FALSE	TRUE	"Toxins-Candidates"
"TRINITY_DN68501_c0_g1_i1_ORF.5"	"MGTRWWVVLCVFALALYSCYASPKEEPNLEVEDEKEQEPRERVRRQSSCKDNLDYCAQWPDKYCQDYKDYMKTNCPKKCGYCSGPTQAPACADKSQHCSGWKASGFCATSSQWHNYMKSNCAKTCGFCGGGGGGG"	"SP(Sec/SPI)"	0.996736	0.003264	"CS pos: 21-22. CYA-SP. Pr: 0.9448"	"extr"	"ShK"	""	NA	NA	"tr|A0A4U8YU99|A0A4U8YU99_OULSP"	81.7	2.49e-41	"G"	"7"	"PKEEPNLEVEDEKEQEPRERVRRQSSCKDNLDYCAQWPDKYCQDYKDYMKTNCPKKCGYCSGPTQAPACADKSQHCSGWKASGFCATSSQWHNYMKSNCAKTCGFCGGGGGGG"	"C-C-C-C-C-C-C-C-C-C-C-C"	"TRINITY_DN68501_c0_g1_i1"	603	5.177607	"SCD!"	"TRINITY_DN68501_c0_g1_i1.p1"	"UniRef90_UPI000F54F38E"	62.121	132	46	1	1	128	1	132	3.52e-50	169	132	40.99	"keratin, type II cytoskeletal 1-like n=2 Tax=Pocillopora TaxID=46730 RepID=UPI000F54F38E"	TRUE	TRUE	"Toxins-Candidates"
"TRINITY_DN698_c0_g1_i2_ORF.14"	"MILLWVSLFIGCALAYDPEENAFTYDPDLFEGDMILTPEQRKAALTGGDVDEAVGRGATKNRQWPGGVLAYVIDSSLSRDSRAMAAIRDGMEEWTSKTCIRFKKRTNERGYANFKLGSGCSSYVGRTGSRQDINLARGCWHRGIVAHEIGHALGFYHEQSRPDRDSFVTIMWDNIIERNKFNFNKYNRGTIDSLGTRYDYGSVMHYGGRAFSKNGKPTIVAKQSGASLGQRRGISSIDAQQMNLLYKGQCSGGGGGGGGSCVDKDRRCGEWTSYCKYHKYVIANCKKTCGRC"	"SP(Sec/SPI)"	0.997221	0.002779	"CS pos: 15-16. ALA-YD. Pr: 0.9741"	"extr"	"Astacin; ShK"	"sp|C9D7R3|VMPA3_LOXIN"	36	1.55e-30	"tr|A0A913YL36|A0A913YL36_EXADI"	79.9	1.2e-163	"G"	"8"	"DPEENAFTYDPDLFEGDMILTPEQRKAALTGGDVDEAVGRGATKNRQWPGGVLAYVIDSSLSRDSRAMAAIRDGMEEWTSKTCIRFKKRTNERGYANFKLGSGCSSYVGRTGSRQDINLARGCWHRGIVAHEIGHALGFYHEQSRPDRDSFVTIMWDNIIERNKFNFNKYNRGTIDSLGTRYDYGSVMHYGGRAFSKNGKPTIVAKQSGASLGQRRGISSIDAQQMNLLYKGQCSGGGGGGGGSCVDKDRRCGEWTSYCKYHKYVIANCKKTCGRC"	"C-C-C-C-C-C-C-C-C-C"	"TRINITY_DN698_c0_g1_i2"	1036	2.207708	"SBCD"	"TRINITY_DN698_c0_g1_i2.p1"	"UniRef90_UPI0009E4C012"	81.164	292	55	0	20	311	1	292	6.26e-171	483	292	100	"zinc metalloproteinase nas-15-like n=1 Tax=Orbicella faveolata TaxID=48498 RepID=UPI0009E4C012"	TRUE	TRUE	"Toxins-Candidates"
"TRINITY_DN698_c0_g1_i3_ORF.14"	"MILLWVSLFIGCALAYDPEENAFTYDPDLFEGDMILTPEQREAALTGGDVDQAVGRGATKNRQWPGGVLAYVIDSSLSRDSRAMAAIRDGMEEWTSKTCIRFKKRTNERGYANFKLGSGCSSYVGRTGSRQDINLARGCWHRGIVAHEIGHALGFYHEQSRPDRDSFVTIMWDNIIERNKFNFNKYNRGTIDSLGTRYDYGSVMHYGGRAFSKNGKPTIVAKQSGASLGQRRGISTIDAKQMNLLYKRQCSGGGGGGGGGGGGSCVDKNRHCGKWYKYCSNHKYVIANCKKTCGRC"	"SP(Sec/SPI)"	0.997303	0.002697	"CS pos: 15-16. ALA-YD. Pr: 0.9743"	"extr"	"Astacin; ShK"	"sp|C9D7R3|VMPA3_LOXIN"	36.5	4.46e-31	"tr|A0A913YL36|A0A913YL36_EXADI"	79.2	1.81e-159	"G,GG,GG"	"12,5,6"	"DPEENAFTYDPDLFEGDMILTPEQREAALTGGDVDQAVGRGATKNRQWPGGVLAYVIDSSLSRDSRAMAAIRDGMEEWTSKTCIRFKKRTNERGYANFKLGSGCSSYVGRTGSRQDINLARGCWHRGIVAHEIGHALGFYHEQSRPDRDSFVTIMWDNIIERNKFNFNKYNRGTIDSLGTRYDYGSVMHYGGRAFSKNGKPTIVAKQSGASLGQRRGISTIDAKQMNLLYKRQCSGGGGGGGGGGGGSCVDKNRHCGKWYKYCSNHKYVIANCKKTCGRC"	"C-C-C-C-C-C-C-C-C-C"	"TRINITY_DN698_c0_g1_i3"	1049	6.872007	"SBCD"	"TRINITY_DN698_c0_g1_i3.p1"	"UniRef90_UPI0009E4C012"	78.716	296	59	1	20	315	1	292	1.35e-164	466	292	100	"zinc metalloproteinase nas-15-like n=1 Tax=Orbicella faveolata TaxID=48498 RepID=UPI0009E4C012"	TRUE	TRUE	"Toxins-Candidates"
"TRINITY_DN609_c0_g1_i2_ORF.8"	"MAVKVLVVVLVAFLTLFALSKASSQLAGGNSDLEKDDPQVLEVLDFAMNEFNKMSNNMYRFLSSSITEATKQIVAGEKFCIVTVLGSSRACRNDEAHISATLEQCPIDELNMQCKFEVLSVPWEKKTELLTHECVGLKERKLSCRPIPEVPYHVEKEENTIKETGVFTNVNSKEEGKQLQMFDEFIQQYKKNYLADKKEHKRRFTIFQENLKKAKKMKEMDCGDAQYGVTQFMDMTEEEFKKNYRMPGWGKPDYEMKQAEIPEGDVPTAFDWRDKSKVALKAPFI"	"SP(Sec/SPI)"	0.968116	0.031884	"CS pos: 22-23. SKA-SS. Pr: 0.4335"	"extr"	"Cystatin; Inhibitor_I29"	"sp|J3SE80|CYT2_CROAD"	33.9	2.75e-15	"tr|A0A6P8JGH4|A0A6P8JGH4_ACTTE"	56.3	1.33e-93	""	""	"SQLAGGNSDLEKDDPQVLEVLDFAMNEFNKMSNNMYRFLSSSITEATKQIVAGEKFCIVTVLGSSRACRNDEAHISATLEQCPIDELNMQCKFEVLSVPWEKKTELLTHECVGLKERKLSCRPIPEVPYHVEKEENTIKETGVFTNVNSKEEGKQLQMFDEFIQQYKKNYLADKKEHKRRFTIFQENLKKAKKMKEMDCGDAQYGVTQFMDMTEEEFKKNYRMPGWGKPDYEMKQAEIPEGDVPTAFDWRDKSKVALKAPFI"	"C-C-C-C-C-C-C"	"TRINITY_DN609_c0_g1_i2"	1062	1.352003	"SBCD"	"TRINITY_DN609_c0_g1_i2.p1"	"UniRef90_UPI001CF5512F"	54.48	279	120	4	10	287	1	273	3.37e-98	304	273	56.99	"cathepsin L-like n=1 Tax=Acropora millepora TaxID=45264 RepID=UPI001CF5512F"	TRUE	TRUE	"Toxins-Candidates"
"TRINITY_DN609_c0_g1_i6_ORF.16"	"MAVKVLVVVLVAFLTLFALSKASSQLAGGNSDLEKDDPQVLEVLDFAMNEFNKMSNNMYRFLSSSITEATKQIVAGEKFCIVTVLGSSRACRNDEAHISATLEQCPIDELNMQCKFEVLSVPWEKKTELLTHECVGLKERKLSCRPIPEVPYHVEKEENTIKETGVFTNVNSKEEGKQLQMFDEFIQQYKKNYLADKKEHKRRFTIFQENLKKAKKMKEMDCGDAQYGVTQFMDMTEEEFKKNYRMPGWGKPDYEMKQAEIPEGDVPTAFDWRDKKVVTPVKNQGMCGSCWAFSTTGNIEGQWAIKKGKLISLSEQELVDCDKVDKGCGGGLPSNAYKQIMKIGGLETEREYPYEGRNDDCKFKKAEAKVFINSSVAISSDETKMAAWLAANGPISIGINANMMQFYLGGVAHPWKIFCNPASLDHGVLIVGYGVKNGWFGKTPYWIIKNSWGPSWGVEGYYLIYRGDGSCGLNRMCTSAVVD"	"SP(Sec/SPI)"	0.968116	0.031884	"CS pos: 22-23. SKA-SS. Pr: 0.4335"	"extr"	"Cystatin; Peptidase_C1; Inhibitor_I29"	"sp|J3SE80|CYT2_CROAD"	33.9	8.25e-15	"tr|A0A6P8JGH4|A0A6P8JGH4_ACTTE"	67.2	3.1e-233	""	""	"SQLAGGNSDLEKDDPQVLEVLDFAMNEFNKMSNNMYRFLSSSITEATKQIVAGEKFCIVTVLGSSRACRNDEAHISATLEQCPIDELNMQCKFEVLSVPWEKKTELLTHECVGLKERKLSCRPIPEVPYHVEKEENTIKETGVFTNVNSKEEGKQLQMFDEFIQQYKKNYLADKKEHKRRFTIFQENLKKAKKMKEMDCGDAQYGVTQFMDMTEEEFKKNYRMPGWGKPDYEMKQAEIPEGDVPTAFDWRDKKVVTPVKNQGMCGSCWAFSTTGNIEGQWAIKKGKLISLSEQELVDCDKVDKGCGGGLPSNAYKQIMKIGGLETEREYPYEGRNDDCKFKKAEAKVFINSSVAISSDETKMAAWLAANGPISIGINANMMQFYLGGVAHPWKIFCNPASLDHGVLIVGYGVKNGWFGKTPYWIIKNSWGPSWGVEGYYLIYRGDGSCGLNRMCTSAVVD"	"C-C-C-C-C-C-C-C-C-C-C-C-C-C-C"	"TRINITY_DN609_c0_g1_i6"	2073	16.858935	"SBCD"	"TRINITY_DN609_c0_g1_i6.p1"	"UniRef90_UPI001CF5512F"	66.392	485	155	5	10	492	1	479	0	674	479	100	"cathepsin L-like n=1 Tax=Acropora millepora TaxID=45264 RepID=UPI001CF5512F"	TRUE	TRUE	"Toxins-Candidates"
"TRINITY_DN667_c0_g1_i1_ORF.2"	"MEKILILCALLLVTVAVFLKGNGAEYVHGLEIREVKPQEEALKLHNKFRRIHNAPAMSLDNEMIARATAYARKLARIGRMQHASRAERKGNGENLAYGCKYGSSEGLSIERAVNMWYKEVCDYDFNSGGFSGATGHFTQLVWKGSKKLGFGMASSKQGDLTCTYVVARYNPAGNFGGRFRENVEKGSYNGCICKRGADINCNSGGSGGGGGGGGGGGSGGQGKSDP"	"SP(Sec/SPI)"	0.829271	0.170729	"CS pos: 23-24. GNG-AE. Pr: 0.5201"	"extr"	"CAP"	"sp|Q09GJ9|CRVP_PHIOL"	30.1	9.34e-11	"tr|A7RPY1|A7RPY1_NEMVE"	57.4	2.6e-51	"G,GG,GG"	"11,5,5"	"EYVHGLEIREVKPQEEALKLHNKFRRIHNAPAMSLDNEMIARATAYARKLARIGRMQHASRAERKGNGENLAYGCKYGSSEGLSIERAVNMWYKEVCDYDFNSGGFSGATGHFTQLVWKGSKKLGFGMASSKQGDLTCTYVVARYNPAGNFGGRFRENVEKGSYNGCICKRGADINCNSGGSGGGGGGGGGGGSGGQGKSDP"	"C-C-C-C-C-C"	"TRINITY_DN667_c0_g1_i1"	756	0.41046	"SBCD"	"TRINITY_DN667_c0_g1_i1.p1"	"UniRef90_UPI001CF155CB"	54.088	159	70	2	63	219	150	307	1.24e-52	181	158	45.4	"protein PRY1-like n=1 Tax=Acropora millepora TaxID=45264 RepID=UPI001CF155CB"	FALSE	TRUE	"Toxins-Candidates"
"TRINITY_DN110_c1_g1_i1_ORF.12"	"MTSAALLAVLTVAVLFNSFAECSSAPDEEISVPQESPRRCSGPNGQHTVALLKQLKTLVLSLHTKVNRVEKCACKVPPRVYRDCADLYRAGIRRSGVYTIKPDNKVEGAFKVYCDQTTAGGGWTVIQKRFDGSLDFYRGWHDYKIGFGRTSGEYWLGLDKINRLSNSGRYRLRVDLMDTKGNTRYASYDHFAVSSENTKYRLSLGTYSGTAGDSLTHQAGSPFSTKDRDNDSWGKSCAVAYHGAWWYKACHYSNLNGKYLLGPHKSYANGVNWYHWKGYHYSLKRTQMAIRPTVF"	"SP(Sec/SPI)"	0.98942	0.01058	"CS pos: 22-23. AEC-SS. Pr: 0.4320"	"extr"	"Fibrinogen_C"	"sp|D8VNT0|FCNV4_CERRY"	51.9	3.67e-73	"tr|A0A913X136|A0A913X136_EXADI"	61.8	2.52e-105	""	""	"SAPDEEISVPQESPRRCSGPNGQHTVALLKQLKTLVLSLHTKVNRVEKCACKVPPRVYRDCADLYRAGIRRSGVYTIKPDNKVEGAFKVYCDQTTAGGGWTVIQKRFDGSLDFYRGWHDYKIGFGRTSGEYWLGLDKINRLSNSGRYRLRVDLMDTKGNTRYASYDHFAVSSENTKYRLSLGTYSGTAGDSLTHQAGSPFSTKDRDNDSWGKSCAVAYHGAWWYKACHYSNLNGKYLLGPHKSYANGVNWYHWKGYHYSLKRTQMAIRPTVF"	"C-C-C-C-C-C-C"	"TRINITY_DN110_c1_g1_i1"	1408	5.301768	"SBCD"	"TRINITY_DN110_c1_g1_i1.p1"	"UniRef90_UPI0009E583AA"	60.156	256	95	4	40	295	53	301	5.12e-104	313	249	82.72	"microfibril-associated glycoprotein 4-like isoform X2 n=3 Tax=Orbicella faveolata TaxID=48498 RepID=UPI0009E583AA"	FALSE	TRUE	"Toxins-Candidates"
"TRINITY_DN178_c0_g1_i1_ORF.16"	"MKLLIILAVLTLARGTKLEESDDILKELESLVDGKVAKENDDSELEELIKAIEVSDEPKPLSDEEFEKQILELEEDDPTKSLEKRKKLINGDAECHDKYGKCYKYEKKCAVGRYQRLLKRRCQYTCQFCFPAKCQDSKYGCCRKGSNKRADGRGLKGCPRKLCYDVQPVNCKRLAKEGACEGIGRKQMEARCPLSCKVCTPKQAAQPKCEDLGWGCCDIDTSKSALEAKRGCDDTKIVVEGNVPKPTCKDLGYGCCRSDGSKSAKGPKRGCIPCADRFKTLCQRMAKNPKKDCFSGPTTTFTLKKLCPRRCGYCKRT"	"SP(Sec/SPI)"	0.993889	0.006111	"CS pos: 15-16. ARG-TK. Pr: 0.8814"	"extr"	"ShK"	""	NA	NA	""	NA	NA	""	""	"KLEESDDILKELESLVDGKVAKENDDSELEELIKAIEVSDEPKPLSDEEFEKQILELEEDDPTKSLEKRKKLINGDAECHDKYGKCYKYEKKCAVGRYQRLLKRRCQYTCQFCFPAKCQDSKYGCCRKGSNKRADGRGLKGCPRKLCYDVQPVNCKRLAKEGACEGIGRKQMEARCPLSCKVCTPKQAAQPKCEDLGWGCCDIDTSKSALEAKRGCDDTKIVVEGNVPKPTCKDLGYGCCRSDGSKSAKGPKRGCIPCADRFKTLCQRMAKNPKKDCFSGPTTTFTLKKLCPRRCGYCKRT"	"C-C-C-C-C-C-C-CC-C-C-C-C-C-C-C-C-CC-C-C-CC-C-C-C-C-C-C-C"	"TRINITY_DN178_c0_g1_i1"	1666	68.028137	"SCD"	"TRINITY_DN178_c0_g1_i1.p1"	"UniRef90_UPI002076DC23"	29.68	219	103	7	104	316	102	275	7.98e-14	79	174	56.86	"papilin n=1 Tax=Nematostella vectensis TaxID=45351 RepID=UPI002076DC23"	TRUE	TRUE	"Toxins-Candidates"
"TRINITY_DN3430_c0_g1_i2_ORF.1"	"MSKSFSVIVILVLMVVMIQEEAVKGGTCTCLRPMGMESGVIPDSAITASSQHNSLHHPGRGRLNMRGDNSKFIGAWCAKNLDMFQWLQVDLGSVRTVTKMATQGRFDYSQWVTSYRVTYSVDERAWDSYKDFGQLKVFHGNTDRNSIVYHSFYPPIKARYFRIHPMSWHSHMSMRAELYGCE"	"SP(Sec/SPI)"	0.989674	0.010326	"CS pos: 25-26. VKG-GT. Pr: 0.7692"	"extr"	"F5_F8_type_C"	"sp|Q58L91|FA5V_OXYSU"	39.4	4.53e-28	"tr|A0A2B4RCW4|A0A2B4RCW4_STYPI"	51.3	1e-44	""	""	"TCTCLRPMGMESGVIPDSAITASSQHNSLHHPGRGRLNMRGDNSKFIGAWCAKNLDMFQWLQVDLGSVRTVTKMATQGRFDYSQWVTSYRVTYSVDERAWDSYKDFGQLKVFHGNTDRNSIVYHSFYPPIKARYFRIHPMSWHSHMSMRAELYGCE"	"C-C-C-C"	"TRINITY_DN3430_c0_g1_i2"	768	0	"SBCD"	"TRINITY_DN3430_c0_g1_i2.p1"	"UniRef90_UPI000C047D67"	51.316	152	73	1	30	181	152	302	6.34e-48	166	151	44.41	"EGF-like repeat and discoidin I-like domain-containing protein 3 n=1 Tax=Stylophora pistillata TaxID=50429 RepID=UPI000C047D67"	FALSE	TRUE	"Toxins-Candidates"
"TRINITY_DN45_c0_g1_i1_ORF.195"	"MGTLLQLTTLCFVLHSTTGFLYVDPGDINQDSDPQRPGRCIWYRNLRQCSIGRECKSDSECSNPEDKCCPNNCRKYVCTRSVFRDPTTDPCAKKKCHFQGEKCFVDSRNKARCACLPKCPSLKGGRTNPICGSDGITYFKGLCELNWAACQLGTKIVPISRGKCSAAIKISFDHKDTQQLVTGKQGRLECSFIGRPQSIAWSKDGLSQLPDHVTASGDILEFSRVQANDAGIYRCVASDGVGSTTATVKAETSALPPTSTPPPSLPALCLQPEQVGSCSRRTVRWRYDLSKKSCVTFVYSGCEGNDNNFAEKADCEKRCKPGFAAGMQCPSVEPSVSCPPGASNQCENDEECQSGLKCCSDGCVLTCIAPGKNKMKPGTCPAPPEDGAVGCSQEIKPECNEDSDCQGEQKCCMWNCGKACVQPESVGAGDSKCKVVVDVAFLVDSSGSIRRRYWKLMKEFLKDVAERLDIGEFGTHMAIALYSSKPRISFTFNTLLGNDLNKENITTFIDAMPHLRGLTFIDKALKQANEEIFSAKGGMRPEVKRVCFVMTDGLQTKNKGSFTPLDQASQPIKDKGVEVWSIGIGKGADRSELEEIASDNDKVLQVSSFEKLHEIWEIITKGACKPVPQPTKCQKMYKAAVKAESPDVFVPRCTNEGKFEKVQCQGSQCYCVDENGDRISGTSVSLAAGKPVCTSPGNMVTPCQNAYRQALANTSAWGYVPRCKSDGRYEEVQCHPSTGHCWCVDANGRELQETRTRGTISCKDLGKPSKASECQRRYITLSKNPIPGQYIPWCTPDGEYEKTQCFDTYCFCVDNKGREVKSTGISRTQGKPDCDKEKPEVLSDCQNRHKLALLRPGSFVPKCRNDGSYEEVQCHPATRYCWCVDDYGTEIRGTRATSFVHCPRLRADVTPCQRDYLQSYRNYAFGRFIPQCRQDGSYYPTQYHNSYAYCVDKDGKEIQGTRIHTAVGKPNCRKPADPLTPCQRQYRNSETRRNLRVPRCKPNGEYEPMQCGRTRECWCVDELGREAKGTRALGPVNCLVPTVPLDVAILVDWSDSFRDEHWEYILNYLKEFVNGLGVSSDPAKGTWVSLIGYSSSSSVVFNFNGGQNLAEVRRQIESLRRQPGYRNPNSALELARTNIFTVAAGARRNVRRAVLVIIGPTDDSQAYVPMSKALWGISVDWYVLNLGDYIDRQESRAIAGNDRWIYYGWYRNLASVASRAAQDVSYKNYVGVDVAILVDWSTYFTDSYWHYILTYLRSYVDGLYSLPGAKSGDVRVALIGYSSSARVVFDFNYGTNAADIKRRIDVLKRQAGYRRPDVALALARSALFTSSGGARAGARKYIMLIIGPTEDGKPSKSSAAASQYARDMRNESYRIQVLNPGYRINEREGQEVTNNAAFRYTSYYRGLSNVVHSIANAVSRGSSPMSACEQESQRTIYRYFRGNHIPQCSADGRYRPYQCHNSFCYCSTSTGYEITATRLHMRYGSPVCVKSPPPSPVLTIDLSPCQRERQRGILGQKLCRPDGSYEAVQCNPSNGYCWCVNDKGRKRAGTRTKGAIVCQTSGSKLSQCQRDYQNSYRNPSPTKYTPWCRTDGGYEGTQCYGSNCFCVDSRGNRMPFTSVSISAGDPTCGRSLRRIGLDLAILVDWSRSSWDAAGWRWVKNYLINFVNGLGISPAPRATRVALIGYDSSASVVFNFNHLRGNRINTAEVVRYINRLNLRAGYRSPVKALQLARTKLFSVARGLRVGSRRAIFMIVGRTTQKQVSASAEASTLRGMGVKMYVLAAGRDVQASEVEEITSKDKIFWSRVDRMDDVRPNILQELVGGQRLNIQDIGFLVDSSSNVNWRQMQQFTQSIVSSFNVYRRGTNFGFISYSDQAFLDLGFDSITWDRLSAREVNRRIGAIQHRGGSGRRIDLALQIASRARGARKDSRKSLVILTAGEWPAQYRSQWLSATRDLRKKGVYIYVIGIGSPLYYPQYGDVATSEQYIFSVPSYDRLNSGRPRPRIVYALSGADSLTLCQKANQESEKKPLSDGYMPKCKSDGRYEEIQCLSSQKVCWCVDQSGNEIQTTLTASNDIRCPSAGGKLYDCHKEYQEKTRNWLFYGRHVPRCTSDGLYTPRQCNEEDCYCVNEQGIELQMTRKSLTRGRESYCPPHDKRTQCQRNRQEALQQIAASVPRCDKDGGFDTVQCHLGICYCVDTKGRKIASTEQDIDQGLPNCDDPERQLTRCQREVQNAISNNAARVPRCKDDDGSYEPVQCNGQNCWCVAEDGMERPGTRSSDPVRCPEHGNALTSCQSVYQENWRKDKNWVPRCKKDGSFEPVQCQSGVCFCVDKYGVERRGSHTWSLIDGKPRCDDDDPVQTDCTKERTKAMLDVHSISRPFIYSCKPDGSYSDTQCDGDQCWCVDKNGDKISGTASSKAVRCPPAAKLSTCQNRILDYGGPLIGYWNSRPLCKPDGNYHPTQCDGNSGSCWCVGNNGQTKAGSTKRGRPDCDKIEPQTRCQAHRDRILGYAGVAPIGVFVPECTPDGEYQNMQCLGAECWCVYVNGEEIPDTKMMGRPNCTISPTPHPGAVKKCRLQLKKLLDGQAAPGTFVPRCKLASGAYEEVQCDSQSQECWCVDTETGDEIPRTRSREFITCPGQGTVLSDCQQEYQESQILNFGPGQFVPRCSKDGGYVPVQCSGSECYCVNEYGDEIRNTRTRLPNKPNCALEEGPTICQCQFQEASRNSFPGVYIPDCKTTGGYKAVQCLGSSCFCVDKRGNELKGTRMSISEGRPRCNRPGSSLTKCQRQYQEYWRTGHPGRNIPRCNADGSFIKAQCHGACCYCVDQNGREIPGLEVCHVVGPIECPDSKPAVLTACQQRRIVASYKTPGTFIPRCTANGEFHKVQCSGYGGDCWCVDMKTGVEIVGTRKSGEVVTCPTKDSPPWCTQSQAQDVGHFDLFISKCRRGVEYEQIQCDYRYGYCWCGDRNGFHTGLHNRGRPDCGFKGLPPLCYEHQKRVRGPSGLNPIGGYLPQCNRDGSYKRVQCLGSTPLCWCVDNNGNKINNTPRFGFPNCPINLLALSGPSLCMMERRYSTAITRPGQFVPNCKPTGEYDELQCEGSICYCVNEYGIQISNTGRGRGESDVCPPPGSRPTICQHQRQQAQSNPIPGGYVPECNTKDGSFKKTKCHGSVCFCIDKRGGEIPNTRKKIMDGKPVCDNLPRAPSSCQQVRLRAIGPYGIPLLGAFVPECHLDGRYKEEQCHTATGYCWCVDKDGHELPRTRVTSGGRPKCDDKAMLSPCQRDRLRALGWTSKHRSDVFVPECRPDGSFEPMQCLTFSGKCWCVDKNGNELAQTRTIGQPDCSSQVGNTTCQKANADAMVEPRKLDAYIASCDSNGGYNQRQCYSFGNPTFCWCVDRYLNEIPKSRVQTGGEIKCDYQAGLSDCQKERQMSLGWSGSAAPGFYVPMCKADGSYDEIQCLVGTGYCWCVDNKGDEIPQTRVKGKPVCTSSAPRSSCERERQRAQGWWQTRSLDAWSPDCTLDGRYAEVQYSHNSSFCSDGHGYEIPGTRTKTSVGKPDCTKVPADLTRCRKWYKRVTGLPALAAVPSGVFEPQCNSDGSFNRMQCNRNSGLCWCVNQHGYIIHGTEVRGTPKCDGTEYQPTKCQKEREVAASNARGGFVPNCNSNGGYERKQCLSSSMLGECWCVDKFGKEERGTRVRGGILLDCDAPAGFTRCQKELRKASGFTGKVQEDRFVVRCKPDGNYEKMQCTTRGTCWCVDESGNEVLGTRKQGRPNCGPSVSPKLSNCLRERMNALGSKNKPVVGVFAPQCKPDGSYEEIQCYAAINQCWCVDKNGNEIHNTRKQGRPSTCVVPPTENPCIVQRQRAFAKSGRLNTGVFIPKCVNDTYAPLQCFAAIKQCWCVDRNGNELVNTRMTGGKPNCKDPASSKTVCQQNRERTQQVAAQNGVYIPSCDKDGGYTPAQCHKTTGFCWCVDRNGKEWKETRMRGNPNCHPSAGLSNCQKDRLMAYGWSDMPIVGRFVPECESNGRYMGVQCHGSTGYCWCVDKKGMEISGTRTRGRRPSCPDKVHTACQKERERSLGWTGIQVAGLYVPECNLEGSYEPVQCHAISGYCWCVDEHGQELLNTRVRGQPDCQNAHGVTKCNRDRQQSLTWAENFGVGVFSPRCTVEGHYKPVQCHSSTGYCWCVDSNGNELYGTRKRGDVDCKGTENRPTVCHKESMAGALKAQTRQRVGHFVPLCSPDGGYQKMQCGHSGYCWCVDRYGNEIPRTKVKGIPRSCNIIAGLTKCQKMRHTALAWTGRAPPGRFVPKCDMKGRYKPVQCQESSGYCWCVDENGREIPRTHIKGQPDCSVPDKYTSCQKERHRNLPWPGRFVPECDKDGNYKNEQCQCYRSTRRACWCVDKNGNEIAHTRVHDGSANCKNKPQKPTTCQEERIEAMDYDRLTPGVGRFIPRCDGSGGFKPQQCHAGTPYCWCVDKYGDEIPTTRKKHHKSRKCGQSAGMSMCQKEQQVAYGWSGSVPLGRFVPKCNSDGSYQPTQCHGGYCWCVDKYGNEIQRTRIRGRPACSSMVGLTQCQQDRQRALGITGVASPGRLAPECTLDGKYRPSQCLDMYCWCVDSKGRVLPGTRVKGPANCDNAAPLTKCQEEKQRNKAHVVFDGPELSCKPDGGYNPVQCNYAWGKQCWCIDRNGNVLSNTRVKNPDCKKAEQEMRPTECQKQRQDALHFKDGNLDVGRFVPQCKHDGSFQEVQCQAANGECWCVYESGMEIPLTRTKGKPKCDWEAGLTPCLREKVLSNNRNGNSYIPYCESNGQYRPVQCSGRWCWCADSQGHELPNTRIVGRRPNCEGSVLTVCQRQRQKALDSPDPGRFIPRCTPNGKFEEIQCHGSQCYCVDRNGAEKPETRVTRPNKPNCMVVPPEKKCMKEYKLAIQSYVASRFVPQCTRDGSYAPVQCAPQWSSCWCVDSNGNELYGTRKRGDVDCKGTENRPTVCHKESMAGALKAQTRQRVGHFVPLCSPDGGYQKMQCGHSGYCWCVDRYGNEIPRTKVKGIPRSCNIIAGLTKCQKMRHTALAWTGRAPPGRFVPKCDMKGRYKPVQCQESSGYCWCVDENGREIPRTHIKGQPDCSVPDKYTSCQKERHRNLPWPGRFVPECDKDGNYKNEQCQ"	"SP(Sec/SPI)"	0.944181	0.055819	"CS pos: 19-20. TTG-FL. Pr: 0.7269"	"extr"	"I-set; Kunitz_BPTI; VWA_2; Ig_3; WAP; Thyroglobulin_1; VWA"	"sp|A0A1D0C023|TK1A_HADIN"	36.8	4.26e-24	"tr|A0A913YK56|A0A913YK56_EXADI"	38.1	0	"S"	"5"	"LYVDPGDINQDSDPQRPGRCIWYRNLRQCSIGRECKSDSECSNPEDKCCPNNCRKYVCTRSVFRDPTTDPCAKKKCHFQGEKCFVDSRNKARCACLPKCPSLKGGRTNPICGSDGITYFKGLCELNWAACQLGTKIVPISRGKCSAAIKISFDHKDTQQLVTGKQGRLECSFIGRPQSIAWSKDGLSQLPDHVTASGDILEFSRVQANDAGIYRCVASDGVGSTTATVKAETSALPPTSTPPPSLPALCLQPEQVGSCSRRTVRWRYDLSKKSCVTFVYSGCEGNDNNFAEKADCEKRCKPGFAAGMQCPSVEPSVSCPPGASNQCENDEECQSGLKCCSDGCVLTCIAPGKNKMKPGTCPAPPEDGAVGCSQEIKPECNEDSDCQGEQKCCMWNCGKACVQPESVGAGDSKCKVVVDVAFLVDSSGSIRRRYWKLMKEFLKDVAERLDIGEFGTHMAIALYSSKPRISFTFNTLLGNDLNKENITTFIDAMPHLRGLTFIDKALKQANEEIFSAKGGMRPEVKRVCFVMTDGLQTKNKGSFTPLDQASQPIKDKGVEVWSIGIGKGADRSELEEIASDNDKVLQVSSFEKLHEIWEIITKGACKPVPQPTKCQKMYKAAVKAESPDVFVPRCTNEGKFEKVQCQGSQCYCVDENGDRISGTSVSLAAGKPVCTSPGNMVTPCQNAYRQALANTSAWGYVPRCKSDGRYEEVQCHPSTGHCWCVDANGRELQETRTRGTISCKDLGKPSKASECQRRYITLSKNPIPGQYIPWCTPDGEYEKTQCFDTYCFCVDNKGREVKSTGISRTQGKPDCDKEKPEVLSDCQNRHKLALLRPGSFVPKCRNDGSYEEVQCHPATRYCWCVDDYGTEIRGTRATSFVHCPRLRADVTPCQRDYLQSYRNYAFGRFIPQCRQDGSYYPTQYHNSYAYCVDKDGKEIQGTRIHTAVGKPNCRKPADPLTPCQRQYRNSETRRNLRVPRCKPNGEYEPMQCGRTRECWCVDELGREAKGTRALGPVNCLVPTVPLDVAILVDWSDSFRDEHWEYILNYLKEFVNGLGVSSDPAKGTWVSLIGYSSSSSVVFNFNGGQNLAEVRRQIESLRRQPGYRNPNSALELARTNIFTVAAGARRNVRRAVLVIIGPTDDSQAYVPMSKALWGISVDWYVLNLGDYIDRQESRAIAGNDRWIYYGWYRNLASVASRAAQDVSYKNYVGVDVAILVDWSTYFTDSYWHYILTYLRSYVDGLYSLPGAKSGDVRVALIGYSSSARVVFDFNYGTNAADIKRRIDVLKRQAGYRRPDVALALARSALFTSSGGARAGARKYIMLIIGPTEDGKPSKSSAAASQYARDMRNESYRIQVLNPGYRINEREGQEVTNNAAFRYTSYYRGLSNVVHSIANAVSRGSSPMSACEQESQRTIYRYFRGNHIPQCSADGRYRPYQCHNSFCYCSTSTGYEITATRLHMRYGSPVCVKSPPPSPVLTIDLSPCQRERQRGILGQKLCRPDGSYEAVQCNPSNGYCWCVNDKGRKRAGTRTKGAIVCQTSGSKLSQCQRDYQNSYRNPSPTKYTPWCRTDGGYEGTQCYGSNCFCVDSRGNRMPFTSVSISAGDPTCGRSLRRIGLDLAILVDWSRSSWDAAGWRWVKNYLINFVNGLGISPAPRATRVALIGYDSSASVVFNFNHLRGNRINTAEVVRYINRLNLRAGYRSPVKALQLARTKLFSVARGLRVGSRRAIFMIVGRTTQKQVSASAEASTLRGMGVKMYVLAAGRDVQASEVEEITSKDKIFWSRVDRMDDVRPNILQELVGGQRLNIQDIGFLVDSSSNVNWRQMQQFTQSIVSSFNVYRRGTNFGFISYSDQAFLDLGFDSITWDRLSAREVNRRIGAIQHRGGSGRRIDLALQIASRARGARKDSRKSLVILTAGEWPAQYRSQWLSATRDLRKKGVYIYVIGIGSPLYYPQYGDVATSEQYIFSVPSYDRLNSGRPRPRIVYALSGADSLTLCQKANQESEKKPLSDGYMPKCKSDGRYEEIQCLSSQKVCWCVDQSGNEIQTTLTASNDIRCPSAGGKLYDCHKEYQEKTRNWLFYGRHVPRCTSDGLYTPRQCNEEDCYCVNEQGIELQMTRKSLTRGRESYCPPHDKRTQCQRNRQEALQQIAASVPRCDKDGGFDTVQCHLGICYCVDTKGRKIASTEQDIDQGLPNCDDPERQLTRCQREVQNAISNNAARVPRCKDDDGSYEPVQCNGQNCWCVAEDGMERPGTRSSDPVRCPEHGNALTSCQSVYQENWRKDKNWVPRCKKDGSFEPVQCQSGVCFCVDKYGVERRGSHTWSLIDGKPRCDDDDPVQTDCTKERTKAMLDVHSISRPFIYSCKPDGSYSDTQCDGDQCWCVDKNGDKISGTASSKAVRCPPAAKLSTCQNRILDYGGPLIGYWNSRPLCKPDGNYHPTQCDGNSGSCWCVGNNGQTKAGSTKRGRPDCDKIEPQTRCQAHRDRILGYAGVAPIGVFVPECTPDGEYQNMQCLGAECWCVYVNGEEIPDTKMMGRPNCTISPTPHPGAVKKCRLQLKKLLDGQAAPGTFVPRCKLASGAYEEVQCDSQSQECWCVDTETGDEIPRTRSREFITCPGQGTVLSDCQQEYQESQILNFGPGQFVPRCSKDGGYVPVQCSGSECYCVNEYGDEIRNTRTRLPNKPNCALEEGPTICQCQFQEASRNSFPGVYIPDCKTTGGYKAVQCLGSSCFCVDKRGNELKGTRMSISEGRPRCNRPGSSLTKCQRQYQEYWRTGHPGRNIPRCNADGSFIKAQCHGACCYCVDQNGREIPGLEVCHVVGPIECPDSKPAVLTACQQRRIVASYKTPGTFIPRCTANGEFHKVQCSGYGGDCWCVDMKTGVEIVGTRKSGEVVTCPTKDSPPWCTQSQAQDVGHFDLFISKCRRGVEYEQIQCDYRYGYCWCGDRNGFHTGLHNRGRPDCGFKGLPPLCYEHQKRVRGPSGLNPIGGYLPQCNRDGSYKRVQCLGSTPLCWCVDNNGNKINNTPRFGFPNCPINLLALSGPSLCMMERRYSTAITRPGQFVPNCKPTGEYDELQCEGSICYCVNEYGIQISNTGRGRGESDVCPPPGSRPTICQHQRQQAQSNPIPGGYVPECNTKDGSFKKTKCHGSVCFCIDKRGGEIPNTRKKIMDGKPVCDNLPRAPSSCQQVRLRAIGPYGIPLLGAFVPECHLDGRYKEEQCHTATGYCWCVDKDGHELPRTRVTSGGRPKCDDKAMLSPCQRDRLRALGWTSKHRSDVFVPECRPDGSFEPMQCLTFSGKCWCVDKNGNELAQTRTIGQPDCSSQVGNTTCQKANADAMVEPRKLDAYIASCDSNGGYNQRQCYSFGNPTFCWCVDRYLNEIPKSRVQTGGEIKCDYQAGLSDCQKERQMSLGWSGSAAPGFYVPMCKADGSYDEIQCLVGTGYCWCVDNKGDEIPQTRVKGKPVCTSSAPRSSCERERQRAQGWWQTRSLDAWSPDCTLDGRYAEVQYSHNSSFCSDGHGYEIPGTRTKTSVGKPDCTKVPADLTRCRKWYKRVTGLPALAAVPSGVFEPQCNSDGSFNRMQCNRNSGLCWCVNQHGYIIHGTEVRGTPKCDGTEYQPTKCQKEREVAASNARGGFVPNCNSNGGYERKQCLSSSMLGECWCVDKFGKEERGTRVRGGILLDCDAPAGFTRCQKELRKASGFTGKVQEDRFVVRCKPDGNYEKMQCTTRGTCWCVDESGNEVLGTRKQGRPNCGPSVSPKLSNCLRERMNALGSKNKPVVGVFAPQCKPDGSYEEIQCYAAINQCWCVDKNGNEIHNTRKQGRPSTCVVPPTENPCIVQRQRAFAKSGRLNTGVFIPKCVNDTYAPLQCFAAIKQCWCVDRNGNELVNTRMTGGKPNCKDPASSKTVCQQNRERTQQVAAQNGVYIPSCDKDGGYTPAQCHKTTGFCWCVDRNGKEWKETRMRGNPNCHPSAGLSNCQKDRLMAYGWSDMPIVGRFVPECESNGRYMGVQCHGSTGYCWCVDKKGMEISGTRTRGRRPSCPDKVHTACQKERERSLGWTGIQVAGLYVPECNLEGSYEPVQCHAISGYCWCVDEHGQELLNTRVRGQPDCQNAHGVTKCNRDRQQSLTWAENFGVGVFSPRCTVEGHYKPVQCHSSTGYCWCVDSNGNELYGTRKRGDVDCKGTENRPTVCHKESMAGALKAQTRQRVGHFVPLCSPDGGYQKMQCGHSGYCWCVDRYGNEIPRTKVKGIPRSCNIIAGLTKCQKMRHTALAWTGRAPPGRFVPKCDMKGRYKPVQCQESSGYCWCVDENGREIPRTHIKGQPDCSVPDKYTSCQKERHRNLPWPGRFVPECDKDGNYKNEQCQCYRSTRRACWCVDKNGNEIAHTRVHDGSANCKNKPQKPTTCQEERIEAMDYDRLTPGVGRFIPRCDGSGGFKPQQCHAGTPYCWCVDKYGDEIPTTRKKHHKSRKCGQSAGMSMCQKEQQVAYGWSGSVPLGRFVPKCNSDGSYQPTQCHGGYCWCVDKYGNEIQRTRIRGRPACSSMVGLTQCQQDRQRALGITGVASPGRLAPECTLDGKYRPSQCLDMYCWCVDSKGRVLPGTRVKGPANCDNAAPLTKCQEEKQRNKAHVVFDGPELSCKPDGGYNPVQCNYAWGKQCWCIDRNGNVLSNTRVKNPDCKKAEQEMRPTECQKQRQDALHFKDGNLDVGRFVPQCKHDGSFQEVQCQAANGECWCVYESGMEIPLTRTKGKPKCDWEAGLTPCLREKVLSNNRNGNSYIPYCESNGQYRPVQCSGRWCWCADSQGHELPNTRIVGRRPNCEGSVLTVCQRQRQKALDSPDPGRFIPRCTPNGKFEEIQCHGSQCYCVDRNGAEKPETRVTRPNKPNCMVVPPEKKCMKEYKLAIQSYVASRFVPQCTRDGSYAPVQCAPQWSSCWCVDSNGNELYGTRKRGDVDCKGTENRPTVCHKESMAGALKAQTRQRVGHFVPLCSPDGGYQKMQCGHSGYCWCVDRYGNEIPRTKVKGIPRSCNIIAGLTKCQKMRHTALAWTGRAPPGRFVPKCDMKGRYKPVQCQESSGYCWCVDENGREIPRTHIKGQPDCSVPDKYTSCQKERHRNLPWPGRFVPECDKDGNYKNEQCQ"	"C-C-C-C-CC-C-C-C-C-C-C-C-C-C-C-C-C-C-C-C-C-C-C-C-C-C-C-C-C-CC-C-C-C-C-C-C-CC-C-C-C-C-C-C-C-C-C-C-C-C-C-C-C-C-C-C-C-C-C-C-C-C-C-C-C-C-C-C-C-C-C-C-C-C-C-C-C-C-C-C-C-C-C-C-C-C-C-C-C-C-C-C-C-C-C-C-C-C-C-C-C-C-C-C-C-C-C-C-C-C-C-C-C-C-C-C-C-C-C-C-C-C-C-C-C-C-C-C-C-C-C-C-C-C-C-C-C-C-C-C-C-C-C-C-C-C-C-C-C-C-C-C-C-C-C-C-C-C-C-C-C-C-C-C-C-CC-C-C-C-C-C-C-C-C-C-C-C-C-C-C-C-C-C-C-C-C-C-C-C-C-C-C-C-C-C-C-C-C-C-C-C-C-C-C-C-C-C-C-C-C-C-C-C-C-C-C-C-C-C-C-C-C-C-C-C-C-C-C-C-C-C-C-C-C-C-C-C-C-C-C-C-C-C-C-C-C-C-C-C-C-C-C-C-C-C-C-C-C-C-C-C-C-C-C-C-C-C-C-C-C-C-C-C-C-C-C-C-C-C-C-C-C-C-C-C-C-C-C-C-C-C-C-C-C-C-C-C-C-C-C-C-C-C-C-C-C-C-C-C-C-C-C-C-C-C-C-C-C-C-C-C-C-C-C-C-C-C-C-C-C-C-C-C-C-C-C-C-C-C-C-C-C-C-C-C-C-C-C-C-C-C-C-C-C-C-C-C-C-C-C-C-C-C"	"TRINITY_DN45_c0_g1_i1"	15550	73.534051	"SBCD"	"TRINITY_DN45_c0_g1_i1.p1"	"UniRef90_UPI0020772404"	37.53	3741	2075	110	1232	4834	1042	4658	0	2235	3617	17.63	"uncharacterized protein LOC5512112 isoform X3 n=2 Tax=Nematostella vectensis TaxID=45351 RepID=UPI0020772404"	FALSE	TRUE	"Toxins-Candidates"
"TRINITY_DN7_c0_g1_i1_ORF.6"	"MKVLLAFTGLVTILQLSQVSSTEDICSLPSVTGPCRAAFPRWFYDTKTGKCSQFIYGGCDGNKNNFRTEEDCEKKCDSEKTAEYPCFRTLQKSLSPAILVRGEPVPIHKNSHLPSCDHEGYFTHKQCDKSKSECWCVNRLGKEIHNTRSQEKDVKCDVCSLPKVVGPCKAAFPRWFFNKVSGKCEQFIYGGCRGNENNFEG"	"SP(Sec/SPI)"	0.997889	0.002111	"CS pos: 21-22. VSS-TE. Pr: 0.8473"	"extr"	"Kunitz_BPTI; Thyroglobulin_1"	"sp|A0A6P8HC43|ATPI1_ACTTE"	37.9	7e-39	"tr|A0AA89BKI7|A0AA89BKI7_PINIB"	43.8	6.92e-42	""	""	"EDICSLPSVTGPCRAAFPRWFYDTKTGKCSQFIYGGCDGNKNNFRTEEDCEKKCDSEKTAEYPCFRTLQKSLSPAILVRGEPVPIHKNSHLPSCDHEGYFTHKQCDKSKSECWCVNRLGKEIHNTRSQEKDVKCDVCSLPKVVGPCKAAFPRWFFNKVSGKCEQFIYGGCRGNENNFEG"	"C-C-C-C-C-C-C-C-C-C-C-C-C-C-C-C"	"TRINITY_DN7_c0_g1_i1"	709	113.596022	"SBCD"	"TRINITY_DN7_c0_g1_i1.p1"	"UniRef90_UPI0014554E98"	41.209	182	95	3	23	200	1808	1981	9e-39	149	174	6.73	"papilin-like n=1 Tax=Asterias rubens TaxID=7604 RepID=UPI0014554E98"	FALSE	TRUE	"Toxins-Candidates"
"TRINITY_DN7_c0_g1_i6_ORF.5"	"MKVLLAFTGLVTILQLSQACPMIYMPVCGTDGVTYTNECFMRAHGHRHNLTITVASKGKCVSSTEDICSLPSVTGPCRAAFPRWFYDTKTGKCSQFIYGGCDGNKNNFRTEEDCEKKCDSEKTAEYPCFRTLQKSLSPAILVRGEPVPIHKNSHLPSCDHEGYFTHKQCDKSKSECWCVNRLGKEIHNTRSQEKDVKCDVCSLPKVVGPCKAAFPRWFFNKVSGKCEQFIYGGCRGNENNFEG"	"SP(Sec/SPI)"	0.998184	0.001816	"CS pos: 19-20. SQA-CP. Pr: 0.9663"	"extr"	"Kunitz_BPTI; Kazal_2; Thyroglobulin_1; Kazal_1"	"sp|A0A6P8HC43|ATPI1_ACTTE"	37.9	7.21e-38	"tr|A0AA89BKI7|A0AA89BKI7_PINIB"	44.1	7.72e-41	""	""	"PMIYMPVCGTDGVTYTNECFMRAHGHRHNLTITVASKGKCVSSTEDICSLPSVTGPCRAAFPRWFYDTKTGKCSQFIYGGCDGNKNNFRTEEDCEKKCDSEKTAEYPCFRTLQKSLSPAILVRGEPVPIHKNSHLPSCDHEGYFTHKQCDKSKSECWCVNRLGKEIHNTRSQEKDVKCDVCSLPKVVGPCKAAFPRWFFNKVSGKCEQFIYGGCRGNENNFEG"	"C-C-C-C-C-C-C-C-C-C-C-C-C-C-C-C-C-C-C"	"TRINITY_DN7_c0_g1_i6"	835	12.416	"SBCD"	"TRINITY_DN7_c0_g1_i6.p1"	"UniRef90_UPI0014554E98"	36.957	230	125	5	24	242	1761	1981	4.33e-39	152	221	8.55	"papilin-like n=1 Tax=Asterias rubens TaxID=7604 RepID=UPI0014554E98"	FALSE	TRUE	"Toxins-Candidates"
"TRINITY_DN3430_c0_g1_i3_ORF.4"	"MSKSFSVIVILVLMVVMIQEEAVKGGTCTCLRPMGMESGVIPDSAITASSQHNSLHHPGRGRLNMRGDNSKFIGAWCAKNLDMFQWLQVDLGSVRTVTKMATQGRFDYSQWVTSYRVTYSVDERAWDSYKDFGQLKVFHGNTDRNSIVYHSFYPTITARYVKIHPMSWNGHICMRTELYGCE"	"SP(Sec/SPI)"	0.989674	0.010326	"CS pos: 25-26. VKG-GT. Pr: 0.7692"	"extr"	"F5_F8_type_C"	"sp|Q58L91|FA5V_OXYSU"	39.4	2.44e-28	"tr|A0A2B4RCW4|A0A2B4RCW4_STYPI"	49.3	6.05e-43	""	""	"TCTCLRPMGMESGVIPDSAITASSQHNSLHHPGRGRLNMRGDNSKFIGAWCAKNLDMFQWLQVDLGSVRTVTKMATQGRFDYSQWVTSYRVTYSVDERAWDSYKDFGQLKVFHGNTDRNSIVYHSFYPTITARYVKIHPMSWNGHICMRTELYGCE"	"C-C-C-C-C"	"TRINITY_DN3430_c0_g1_i3"	720	0	"SBCD"	"TRINITY_DN3430_c0_g1_i3.p1"	"UniRef90_UPI0027975E45"	53.289	152	70	1	30	181	152	302	1.65e-47	164	151	49.19	"EGF-like repeat and discoidin I-like domain-containing protein 3 n=1 Tax=Pocillopora verrucosa TaxID=203993 RepID=UPI0027975E45"	FALSE	TRUE	"Toxins-Candidates"
"TRINITY_DN3430_c0_g1_i5_ORF.4"	"MSKSFSVIVILVLMVVMIQEEAVKGGTCTCLRPMGMESGVIPDSAITASSQHNSLHHPGRGRLNMRGDNSKFIGGWCVKINDIFQWLQVDLGSVRTVTKMATQGRFDYSQWVTSYRVTYSVDERAWDSYKDFGQLKVFHGNTDRNSIVYHSFYPTITARYVKIHPMSWNGHICMRTELYGCE"	"SP(Sec/SPI)"	0.989674	0.010326	"CS pos: 25-26. VKG-GT. Pr: 0.7692"	"extr"	"F5_F8_type_C"	"sp|Q58L91|FA5V_OXYSU"	39.4	2.07e-29	"tr|A0A2B4RCW4|A0A2B4RCW4_STYPI"	49.3	2.35e-43	""	""	"TCTCLRPMGMESGVIPDSAITASSQHNSLHHPGRGRLNMRGDNSKFIGGWCVKINDIFQWLQVDLGSVRTVTKMATQGRFDYSQWVTSYRVTYSVDERAWDSYKDFGQLKVFHGNTDRNSIVYHSFYPTITARYVKIHPMSWNGHICMRTELYGCE"	"C-C-C-C-C"	"TRINITY_DN3430_c0_g1_i5"	719	0	"SBCD"	"TRINITY_DN3430_c0_g1_i5.p1"	"UniRef90_UPI0027975E45"	52.632	152	71	1	30	181	152	302	7.06e-47	162	151	49.19	"EGF-like repeat and discoidin I-like domain-containing protein 3 n=1 Tax=Pocillopora verrucosa TaxID=203993 RepID=UPI0027975E45"	FALSE	TRUE	"Toxins-Candidates"
"TRINITY_DN44692_c0_g1_i1_ORF.7"	"MKLKVFLLLALLGGVLSDNPEESADPDVFEGDMILTKAQRLAAMLGQDVDKASQSRGSIKSGLWTGGVIVYEIDGALSRDRRAMNAITAGMKMWSDNTCIRFQKRRNEYNYARFYKGGGCSSHVGMTGGRQMISLARGCWYAGTVAHEIGHALGFYHEQSRPDRDDYVTIIWKNIIEDMQFNFNKYPRSTIDSLGTVYDYSSVMHYQSTAFSKNRRPTIVAKQQGVTLGQRQKLSNIDIQQMNKLYRCSGGGQTPGSDCKDNNRDCNYWAGIGECEKNPNWMLVNCKKSCRTC"	"SP(Sec/SPI)"	0.999083	0.000917	"CS pos: 17-18. VLS-DN. Pr: 0.9679"	"extr"	"Astacin; ShK"	"sp|A0FKN6|VMPA_LOXIN"	40.8	1.09e-39	"tr|A0A913XAV0|A0A913XAV0_EXADI"	63.3	2.31e-124	""	""	"NPEESADPDVFEGDMILTKAQRLAAMLGQDVDKASQSRGSIKSGLWTGGVIVYEIDGALSRDRRAMNAITAGMKMWSDNTCIRFQKRRNEYNYARFYKGGGCSSHVGMTGGRQMISLARGCWYAGTVAHEIGHALGFYHEQSRPDRDDYVTIIWKNIIEDMQFNFNKYPRSTIDSLGTVYDYSSVMHYQSTAFSKNRRPTIVAKQQGVTLGQRQKLSNIDIQQMNKLYRCSGGGQTPGSDCKDNNRDCNYWAGIGECEKNPNWMLVNCKKSCRTC"	"C-C-C-C-C-C-C-C-C-C"	"TRINITY_DN44692_c0_g1_i1"	998	4.410853	"SBCD"	"TRINITY_DN44692_c0_g1_i1.p1"	"UniRef90_A0A913XAV0"	67.266	278	87	3	19	293	17	293	2.35e-124	364	277	94.22	"Metalloendopeptidase n=1 Tax=Exaiptasia diaphana TaxID=2652724 RepID=A0A913XAV0_EXADI"	TRUE	TRUE	"Toxins-Candidates"
"TRINITY_DN64099_c0_g1_i1_ORF.10"	"MAGGLGYSCGLYCFLLVILLSVLVNVGADRPGDGLQSNKNGSEENSTEIQLQKILKKMSEISDRLSSQEEQIKILSRKVGDFKCNGQAIPSKKVARNCAEIYRSGKHSDGIYIIDPDGLGPIKVFCDMTTDGGGWTLIQKRFDGSVKFYRGWNDYKKGFGLPGGEHWLGLENIYRVTSEGRYVLRVDLRGNFIQSAHAQYSHFALSSESSNYTLVLGSYSGSAGDSLSWHRGMAFTTKDRDNDESLEGN"	"SP(Sec/SPI)"	0.931594	0.068406	"CS pos: 28-29. VGA-DR. Pr: 0.8663"	"extr"	"Fibrinogen_C"	"sp|D8VNT0|FCNV4_CERRY"	45.7	4.81e-41	"tr|A0A3M6TT85|A0A3M6TT85_POCDA"	59.4	8.59e-84	""	""	"RPGDGLQSNKNGSEENSTEIQLQKILKKMSEISDRLSSQEEQIKILSRKVGDFKCNGQAIPSKKVARNCAEIYRSGKHSDGIYIIDPDGLGPIKVFCDMTTDGGGWTLIQKRFDGSVKFYRGWNDYKKGFGLPGGEHWLGLENIYRVTSEGRYVLRVDLRGNFIQSAHAQYSHFALSSESSNYTLVLGSYSGSAGDSLSWHRGMAFTTKDRDNDESLEGN"	""	"TRINITY_DN64099_c0_g1_i1"	755	2.467635	"SBD"	"TRINITY_DN64099_c0_g1_i1.p1"	"UniRef90_A0A3M6TT85"	52.5	240	106	2	17	251	7	243	1.92e-85	264	237	77.45	"Fibrinogen C-terminal domain-containing protein n=2 Tax=Pocillopora TaxID=46730 RepID=A0A3M6TT85_POCDA"	FALSE	TRUE	"Toxins-Candidates"
"TRINITY_DN870_c1_g1_i2_ORF.16"	"MLKQLVLLVLLQAICSTGVNAACGGAPMDITASSGTINSPNYPSNYGNNANCVWRITVPSGFRIRLSFTAFNLESQSSCNYDSLELHNGISSSSPLIGKYCGATRPPSATTAGRSIYVKFKSDHSVVRTGFRASFTALPVQASCGVKHRSRIVGGRPAQPGDWPWQAMLRRSSGSQFCGGSLIAPQWVLTATHCVTGKTPAAVKIRLGAHQRTQTDGSEQDFAVTKIITHESYHRPVRYAHDIALLKLSRPAVLNNRVSLVCLGQTSISLVGKSCYITGWGTTSSGGSSSNVLMQATVPVVSRASCNTAYPGKIHDSMICAGLNQGGIDTCQGDSGGPMVCEENGKWWLEGVTSWGHGCALPGKYGVYANVRYLSAWVSRKMAENK"	"SP(Sec/SPI)"	0.999229	0.000771	"CS pos: 21-22. VNA-AC. Pr: 0.9545"	"extr"	"CUB; Trypsin_2; Trypsin"	"sp|B5U2W0|VSP_BOMIG"	35.2	1.57e-33	"tr|A7SGX2|A7SGX2_NEMVE"	62.5	3.91e-106	""	""	"CGGAPMDITASSGTINSPNYPSNYGNNANCVWRITVPSGFRIRLSFTAFNLESQSSCNYDSLELHNGISSSSPLIGKYCGATRPPSATTAGRSIYVKFKSDHSVVRTGFRASFTALPVQASCGVKHRSRIVGGRPAQPGDWPWQAMLRRSSGSQFCGGSLIAPQWVLTATHCVTGKTPAAVKIRLGAHQRTQTDGSEQDFAVTKIITHESYHRPVRYAHDIALLKLSRPAVLNNRVSLVCLGQTSISLVGKSCYITGWGTTSSGGSSSNVLMQATVPVVSRASCNTAYPGKIHDSMICAGLNQGGIDTCQGDSGGPMVCEENGKWWLEGVTSWGHGCALPGKYGVYANVRYLSAWVSRKMAENK"	"C-C-C-C-C-C-C-C-C-C-C-C-C-C"	"TRINITY_DN870_c1_g1_i2"	1379	20.627794	"SBCD"	"TRINITY_DN870_c1_g1_i2.p1"	"UniRef90_UPI0009E3F348"	60.558	251	94	1	185	430	78	328	5.07e-106	324	251	76.29	"CUB and peptidase domain-containing protein 2-like n=1 Tax=Orbicella faveolata TaxID=48498 RepID=UPI0009E3F348"	FALSE	TRUE	"Toxins-Candidates"
"TRINITY_DN33789_c0_g1_i1_ORF.9"	"MKTHFVILAFFCVFFLEGEALPVPKTCLEVLKRNHAAQSGLYEIDPDGQGPFKVFCDMVTDGGGWTVFQRREDGSVDFYCTWADYKTGFGNLKGEFWQGNDRIHRMTAATPHRLRIDMEDFEFNTRFAQYGTFKIENVAAKYKLTVSGYSGNAADSFLGHNTHKFSTKDQDNDTNGGGSCAVSYKGGWWYSSCHSANLNGLYLRGHHSSYANGVNWHGWKGHHYSMKITEMKIRPLSF"	"SP(Sec/SPI)"	0.999152	0.000848	"CS pos: 20-21. GEA-LP. Pr: 0.9544"	"extr"	"Fibrinogen_C"	"sp|D8VNS7|FCNV1_CERRY"	54.2	5.07e-82	"tr|A0A3M6UGJ4|A0A3M6UGJ4_POCDA"	59.8	1.2e-94	""	""	"PVPKTCLEVLKRNHAAQSGLYEIDPDGQGPFKVFCDMVTDGGGWTVFQRREDGSVDFYCTWADYKTGFGNLKGEFWQGNDRIHRMTAATPHRLRIDMEDFEFNTRFAQYGTFKIENVAAKYKLTVSGYSGNAADSFLGHNTHKFSTKDQDNDTNGGGSCAVSYKGGWWYSSCHSANLNGLYLRGHHSSYANGVNWHGWKGHHYSMKITEMKIRPLSF"	"C-C-C-C-C"	"TRINITY_DN33789_c0_g1_i1"	876	5.374793	"SBCD"	"TRINITY_DN33789_c0_g1_i1.p1"	"UniRef90_A0A3M6UGJ4"	53.386	251	112	2	5	255	56	301	7.51e-94	285	246	81.73	"Fibrinogen C-terminal domain-containing protein n=1 Tax=Pocillopora damicornis TaxID=46731 RepID=A0A3M6UGJ4_POCDA"	FALSE	TRUE	"Toxins-Candidates"
"TRINITY_DN13586_c0_g1_i1_ORF.4"	"MRGILVFAVCLWATVTADEEENRGLPDPLLVEGDIMLTPEQKALGRGSVKARLWPGGVFVYDFEPSIAASSSGKNAIQAAMADWERTTCIRFKKRTNEAAYASFFIGGGCWSYVGRTGRKQQISLANGCHRKGTVIHEIGHALGFLHEQSRPDRDNYVTIMFQNIQAGKEGNFRKSSSVDSLGTP"	"SP(Sec/SPI)"	0.998873	0.001127	"CS pos: 17-18. VTA-DE. Pr: 0.9675"	"extr"	"Astacin"	"sp|A0FKN6|VMPA_LOXIN"	42	1.02e-34	"tr|A0A913XAK6|A0A913XAK6_EXADI"	55.1	2.28e-64	""	""	"EEENRGLPDPLLVEGDIMLTPEQKALGRGSVKARLWPGGVFVYDFEPSIAASSSGKNAIQAAMADWERTTCIRFKKRTNEAAYASFFIGGGCWSYVGRTGRKQQISLANGCHRKGTVIHEIGHALGFLHEQSRPDRDNYVTIMFQNIQAGKEGNFRKSSSVDSLGTP"	""	"TRINITY_DN13586_c0_g1_i1"	587	3.328012	"SBD"	"TRINITY_DN13586_c0_g1_i1.p1"	"UniRef90_UPI000F54D1A7"	62.766	188	64	3	11	195	1	185	2.44e-75	234	185	70.61	"zinc metalloproteinase nas-15-like n=1 Tax=Pocillopora damicornis TaxID=46731 RepID=UPI000F54D1A7"	FALSE	TRUE	"Toxins-Candidates"
"TRINITY_DN64912_c0_g1_i1_ORF.4"	"MAGPCLVTLLLFVQIGFVQRTAALKFGRQRPVCRVGDQDAACSYWGSLGYCANRRYVDYIRKKCPATCGFCQARPTPKPFAGSVRVDVQDCLRAHNSARAKHGVSRLRWDATLTRSARAWAIELANDNKFEHSNVNWGENMYTVYNSRG"	"SP(Sec/SPI)"	0.978102	0.021898	"CS pos: 23-24. TAA-LK. Pr: 0.8627"	"extr"	"CAP; ShK"	""	NA	NA	"tr|A0A913YF62|A0A913YF62_EXADI"	54.5	2.07e-35	""	""	"KFGRQRPVCRVGDQDAACSYWGSLGYCANRRYVDYIRKKCPATCGFCQARPTPKPFAGSVRVDVQDCLRAHNSARAKHGVSRLRWDATLTRSARAWAIELANDNKFEHSNVNWGENMYTVYNSRG"	"C-C-C-C-C-C-C"	"TRINITY_DN64912_c0_g1_i1"	478	3.097171	"SCD!"	"TRINITY_DN64912_c0_g1_i1.p2"	"UniRef90_A0A913YF62"	54.464	112	48	2	45	153	44	155	3.71e-34	127	112	44.8	"ShKT domain-containing protein n=1 Tax=Exaiptasia diaphana TaxID=2652724 RepID=A0A913YF62_EXADI"	TRUE	TRUE	"Toxins-Candidates"
"TRINITY_DN53566_c0_g1_i1_ORF.8"	"MARVILSFLFVFVATSFANKVEDEGQCRTYAGGDVYPERQKTPEHALHWSKAQISKPAPQWEGTAVVNGEFKELKLSDFKGKYLVFFFYPLDFTFVCPTEIIAFSDRIEEFRAINTEVVACSVDSVFTHLAWINTPRKEGGLGKLRYPLLSDLNHQIAKDYGVLLSNEGITLRGLFIIDDKGVLRQITMNDLPVGRSVDETLRLVQAFQYTDKHGEVCPAGWKP"	"SP(Sec/SPI)"	0.992682	0.007318	"CS pos: 18-19. SFA-NK. Pr: 0.9088"	"extr"	"1-cysPrx_C; Redoxin; AhpC-TSA"	"sp|P0CV91|PRDX4_CROAT"	90	2.62e-17	"tr|A0A913Y539|A0A913Y539_EXADI"	90.7	3.67e-142	""	""	"KVEDEGQCRTYAGGDVYPERQKTPEHALHWSKAQISKPAPQWEGTAVVNGEFKELKLSDFKGKYLVFFFYPLDFTFVCPTEIIAFSDRIEEFRAINTEVVACSVDSVFTHLAWINTPRKEGGLGKLRYPLLSDLNHQIAKDYGVLLSNEGITLRGLFIIDDKGVLRQITMNDLPVGRSVDETLRLVQAFQYTDKHGEVCPAGWKP"	"C-C-C-C"	"TRINITY_DN53566_c0_g1_i1"	704	5.947146	"SBCD"	"TRINITY_DN53566_c0_g1_i1.p1"	"UniRef90_A0A6P8IL11"	90.323	217	21	0	18	234	20	236	2.82e-146	416	217	82.82	"thioredoxin-dependent peroxiredoxin n=2 Tax=Actiniaria TaxID=6103 RepID=A0A6P8IL11_ACTTE"	FALSE	FALSE	"Toxins-Candidates"
"TRINITY_DN56958_c0_g1_i1_ORF.1"	"MAALKFAGVVFLAVIPFSSATGGMVGGIKKIDQENIFKGEYSELLGFVDEAVARQNDKMNSIFRYVWLSETIEASSQVVQGVMYRVHVDIAPSTCRKTEKDRLAVRVADCAVNDELSSKMILHCEFKIWSRVWLKTPDNLEITGECTSATQ"	"SP(Sec/SPI)"	0.918539	0.081461	"CS pos: 22-23. ATG-GM. Pr: 0.3786"	"extr"	"Cystatin"	""	NA	NA	"tr|A0A6P8IDR0|A0A6P8IDR0_ACTTE"	36	8.71e-15	""	""	"MVGGIKKIDQENIFKGEYSELLGFVDEAVARQNDKMNSIFRYVWLSETIEASSQVVQGVMYRVHVDIAPSTCRKTEKDRLAVRVADCAVNDELSSKMILHCEFKIWSRVWLKTPDNLEITGECTSATQ"	"C-C-C-C"	"TRINITY_DN56958_c0_g1_i1"	972	0.057533	"SCD!"	"TRINITY_DN56958_c0_g1_i1.p1"	"UniRef90_A0A6P8IDR0"	36.601	153	78	6	1	140	1	147	5.12e-17	80.9	147	90.18	"Cystatin-like n=1 Tax=Actinia tenebrosa TaxID=6105 RepID=A0A6P8IDR0_ACTTE"	TRUE	TRUE	"Toxins-Candidates"
"TRINITY_DN8730_c0_g1_i1_ORF.1"	"MAYERFGWIYIVIIAVIHSAESCGRNFTGFFGTFRSPNYPGSYPNFANCEWHIKVQKGFQIRTRFTVFDVEPFFNCEYDWVLLRSGNSTAGRYCGAKDKLNKFAPKTLTSPTNELTIEFHSDYSNEEKFKGFIGHWRAVDVDECAKDNGNCDDHCHNHMGGYYCSCRAGYRLQPDTTSCFVKCDNQILKARRGVITTPEFPKRYPKNSHCDWTITVDRGYQIVLYFLEFDVEEHPEVTCPYDFLKITAGRTKYGPLCGKKIPKNITSAANYMHLRFSSDSSGNYKGFKIAFDTEGVKCPKVQAPKFGIMKGNSFTFRDTLEFECQPGYVLRGDAVLECLNTAQWSGKPPTCKPRHCGPPGVPNHGYMNSTGFVFPNVVTYGCDEFFQLKGGDSRRCQADGTWSGQLPLCLPVCGESKFLNKKRLTNCRGRIIGGHNTVKGAYPWHVLIKKNGRRICGGSLVSERFVLTAAHCVVDKRGRITNENSLEVVLGLHVTSRANESQVQTRRVIQVVKHNDFDYNTFDSDLALLKLNREARITEYVRTICLPDNARHLALMVPNQNGIVAGWGRVVSPSGGKQGQMSDILKEACIPVVSHQSCQAAFTDESYIVTNKMLCGGTVSGGKDTCQGDSGGGYVFFDVPSGKWFVGGVISWGSSFGCGLKNKFGVYARVSEFVPWVLDRLI"	"SP(Sec/SPI)"	0.869834	0.130166	"CS pos: 22-23. AES-CG. Pr: 0.5833"	"extr"	"CUB; DUF1986; Sushi; EGF_CA; Trypsin; FXa_inhibition"	"sp|Q58L93|FAXD_PSEPO"	32.6	4.47e-37	"tr|A0A6P8HI13|A0A6P8HI13_ACTTE"	56.8	2.14e-309	""	""	"GRNFTGFFGTFRSPNYPGSYPNFANCEWHIKVQKGFQIRTRFTVFDVEPFFNCEYDWVLLRSGNSTAGRYCGAKDKLNKFAPKTLTSPTNELTIEFHSDYSNEEKFKGFIGHWRAVDVDECAKDNGNCDDHCHNHMGGYYCSCRAGYRLQPDTTSCFVKCDNQILKARRGVITTPEFPKRYPKNSHCDWTITVDRGYQIVLYFLEFDVEEHPEVTCPYDFLKITAGRTKYGPLCGKKIPKNITSAANYMHLRFSSDSSGNYKGFKIAFDTEGVKCPKVQAPKFGIMKGNSFTFRDTLEFECQPGYVLRGDAVLECLNTAQWSGKPPTCKPRHCGPPGVPNHGYMNSTGFVFPNVVTYGCDEFFQLKGGDSRRCQADGTWSGQLPLCLPVCGESKFLNKKRLTNCRGRIIGGHNTVKGAYPWHVLIKKNGRRICGGSLVSERFVLTAAHCVVDKRGRITNENSLEVVLGLHVTSRANESQVQTRRVIQVVKHNDFDYNTFDSDLALLKLNREARITEYVRTICLPDNARHLALMVPNQNGIVAGWGRVVSPSGGKQGQMSDILKEACIPVVSHQSCQAAFTDESYIVTNKMLCGGTVSGGKDTCQGDSGGGYVFFDVPSGKWFVGGVISWGSSFGCGLKNKFGVYARVSEFVPWVLDRLI"	"C-C-C-C-C-C-C-C-C-C-C-C-C-C-C-C-C-C-C-C-C-C-C-C-C-C-C-C-C-C-C"	"TRINITY_DN8730_c0_g1_i1"	2915	0.031173	"SBCD"	"TRINITY_DN8730_c0_g1_i1.p1"	"UniRef90_A0A6P8HI13"	56.414	686	294	4	32	713	1	685	0	843	685	100	"Mannan-binding lectin serine protease 1-like n=1 Tax=Actinia tenebrosa TaxID=6105 RepID=A0A6P8HI13_ACTTE"	FALSE	TRUE	"Toxins-Candidates"
"TRINITY_DN66002_c0_g1_i1_ORF.10"	"MWSTLSVAILIAVWRGAAERLETREFTPLERREYLQVMMDDPDTNTLDRIAVINEVKHVQGLFEGDMVLTNKDKEYVDMSEDGDVDGPLNKTSAKRSMQRDRSSLWRTRRVPYVMDQALVDAGFHTAILKSIAEVQRISCVQWVKRTFQKHYVKFVKKDGCWSYVGNIRDEKGFQELSIGDGCETTDTILHEMFHAMGFYHEQSRPDRNKYIEILWENIQKGQNSNFNKYKNKDVDYLSSQYDYNSIMHYGKLAFSKNGQPTIRVLGDKDRNFGAAKELSDIDKLRLNALYECTNKGGGWSSWSSY"	"SP(Sec/SPI)"	0.88051	0.11949	"CS pos: 18-19. GAA-ER. Pr: 0.7654"	"extr"	"Astacin"	"sp|K7Z9Q9|VMP_NEMVE"	29.4	2.08e-27	"tr|A0A6P8IPH4|A0A6P8IPH4_ACTTE"	46	1.93e-83	""	""	"RLETREFTPLERREYLQVMMDDPDTNTLDRIAVINEVKHVQGLFEGDMVLTNKDKEYVDMSEDGDVDGPLNKTSAKRSMQRDRSSLWRTRRVPYVMDQALVDAGFHTAILKSIAEVQRISCVQWVKRTFQKHYVKFVKKDGCWSYVGNIRDEKGFQELSIGDGCETTDTILHEMFHAMGFYHEQSRPDRNKYIEILWENIQKGQNSNFNKYKNKDVDYLSSQYDYNSIMHYGKLAFSKNGQPTIRVLGDKDRNFGAAKELSDIDKLRLNALYECTNKGGGWSSWSSY"	"C-C-C-C"	"TRINITY_DN66002_c0_g1_i1"	939	5.305356	"SBCD"	"TRINITY_DN66002_c0_g1_i1.p1"	"UniRef90_A0A6P8IPH4"	45.545	303	158	5	11	312	13	309	4.33e-85	268	297	76.15	"Metalloendopeptidase n=1 Tax=Actinia tenebrosa TaxID=6105 RepID=A0A6P8IPH4_ACTTE"	FALSE	TRUE	"Toxins-Candidates"
"TRINITY_DN66033_c0_g1_i1_ORF.1"	"MAWFSELLLLLVAISASFLPVFGETIDFRWCTKGEDEQAKCEKFKAALTAGLAASAGVDIKPDCVDGKDEVGCMKKIKNGTADLITLDGGDIYTAGKIYGMVPVVAETYGGDMGTTYYAVAVVKVNNTGVNLGNLKGKKSCHTGYQR"	"SP(Sec/SPI)"	0.986586	0.013414	"CS pos: 23-24. VFG-ET. Pr: 0.9275"	"extr"	"Transferrin"	"sp|K9IMD0|TRLF_DESRO"	39.3	9.82e-18	"tr|Q2F6G2|Q2F6G2_ANTEL"	54.9	1.01e-34	"L"	"5"	"TIDFRWCTKGEDEQAKCEKFKAALTAGLAASAGVDIKPDCVDGKDEVGCMKKIKNGTADLITLDGGDIYTAGKIYGMVPVVAETYGGDMGTTYYAVAVVKVNNTGVNLGNLKGKKSCHTGYQR"	"C-C-C-C-C"	"TRINITY_DN66033_c0_g1_i1"	538	1.153848	"SBCD"	"TRINITY_DN66033_c0_g1_i1.p1"	"UniRef90_A0A6P8HY86"	48.98	147	68	3	1	147	1	140	9.24e-38	139	140	35.53	"Melanotransferrin-like n=1 Tax=Actinia tenebrosa TaxID=6105 RepID=A0A6P8HY86_ACTTE"	FALSE	TRUE	"Toxins-Candidates"
"TRINITY_DN53992_c0_g1_i1_ORF.6"	"MRLVIFVLPLLVACLLRASAEQDEQFSESKEKRFIYYKDTKWCGIGNRARNYHDLGRHRRTDMCCRTHDKCKYSIPALKRKWNLLNLALSTISHCGCDNKFYACLKR"	"SP(Sec/SPI)"	0.999359	0.000641	"CS pos: 20-21. ASA-EQ. Pr: 0.9532"	"extr"	"Phospholip_A2_2"	"sp|P16354|PA23_HELSU"	52.9	7.06e-22	"tr|A0A1S3IFZ7|A0A1S3IFZ7_LINUN"	52.5	5.23e-24	""	""	"QDEQFSESKEKRFIYYKDTKWCGIGNRARNYHDLGRHRRTDMCCRTHDKCKYSIPALKRKWNLLNLALSTISHCGCDNKFYACLKR"	"C-CC-C-C-C-C"	"TRINITY_DN53992_c0_g1_i1"	387	18.192055	"SBCD"	"TRINITY_DN53992_c0_g1_i1.p1"	"UniRef90_UPI0020775E1A"	51.402	107	42	4	24	126	2	102	4.18e-24	97.8	101	63.92	"phospholipase A2 isozymes PA3A/PA3B/PA5-like n=1 Tax=Nematostella vectensis TaxID=45351 RepID=UPI0020775E1A"	TRUE	TRUE	"Toxins-Candidates"
"TRINITY_DN56427_c0_g1_i1_ORF.6"	"MLCAGGDGVTDTCQGDSGGPLVCERDHKFYLTGVTSWGFGCATKGKPGVYSNILLFKEWIEENIRNNL"	""	NA	NA	""	"extr"	"Trypsin"	"sp|Q58L95|FAXC_OXYMI"	46.4	7.78e-17	"tr|A0A7R9EM88|A0A7R9EM88_9NEOP"	60	6.73e-21	""	""	""	""	"TRINITY_DN56427_c0_g1_i1"	379	3.22004	"*BD"	"TRINITY_DN56427_c0_g1_i1.p1"	"UniRef90_UPI00077AFFB8"	52.427	103	48	1	1	102	44	146	1.1e-32	119	103	68.21	"trypsin-7-like n=1 Tax=Acropora digitifera TaxID=70779 RepID=UPI00077AFFB8"	FALSE	TRUE	"Toxins-Candidates"
"TRINITY_DN5636_c0_g1_i1_ORF.5"	"MLGGKSLKSSVYCQERNVVLPVYIFFRLTFINKMAEMVRGCVYGVLIFCTLFITRRSVAACFLPLGMENKAIIPDSSITSSSAVISSPATNARLNTRTQWYVSRNQDKQPWIQIDLNRKKRINGIATQGPTDFVKQYYVAYSPDGITWQNYTENGQLVLFPGNTRSGNAYSVTNNLTSPISTQYFRLYPTVCSSLHYCGLRMELYGCDLSTPATTSPPELPGKPTNVQSSTITSGSITLSWTAPAAGDSPITGYDVSYHIQGS"	""	NA	NA	""	"extr"	"fn3; F5_F8_type_C"	"sp|Q58L91|FA5V_OXYSU"	34.5	3.17e-15	"tr|A0A498NXE1|A0A498NXE1_LABRO"	41	2.58e-22	""	""	""	""	"TRINITY_DN5636_c0_g1_i1"	887	0	"*BD"	"TRINITY_DN5636_c0_g1_i1.p1"	"UniRef90_UPI000C03F7EB"	37.917	240	124	10	34	262	1	226	2.41e-35	135	226	80.43	"lactadherin-like n=1 Tax=Stylophora pistillata TaxID=50429 RepID=UPI000C03F7EB"	FALSE	TRUE	"Toxins-Candidates"
"TRINITY_DN5636_c0_g1_i5_ORF.4"	"MLGGKSLKSSVYCQERNVVLPVYIFFRLTFINKMAEMVRGCVYGVLIFCTLFITRRSVAACFLPLGMENKAIIPDSSITSSSAVISSPATNARLNTRTQWYVSRNQDKQPWIQIDLNRKKRINGIATQGPTDFVKQYYVAYSPDGIAWQNYTENGQLMLFPGNTRSGNAYSVTNNLTSPISTRYFRLYPTNCSSPHYCGLRMELYGCDLSTPATISPPELPGKPKNVQSYTITSG"	""	NA	NA	""	"extr"	"F5_F8_type_C"	"sp|Q58L91|FA5V_OXYSU"	35.2	7.27e-16	"tr|A0A7K9BQ62|A0A7K9BQ62_9PICI"	37.7	3.84e-22	""	""	""	""	"TRINITY_DN5636_c0_g1_i5"	802	0.150502	"*BD"	"TRINITY_DN5636_c0_g1_i5.p1"	"UniRef90_A7T0L9"	41.667	144	79	3	63	206	1	139	3.3e-28	111	139	100	"F5/8 type C domain-containing protein (Fragment) n=3 Tax=Nematostella vectensis TaxID=45351 RepID=A7T0L9_NEMVE"	FALSE	TRUE	"Toxins-Candidates"
